component_id,component_type,error_name,created,date time
GR003159,ground,goto_finished_off_sticker,1682812996,30/04/2023 00:03:00:30
GR003159,ground,corners_cv_started,1682812996,30/04/2023 00:03:00:30
GR003159,ground,corners_cv_succeeded,1682812997,30/04/2023 00:03:00:30
GR003261,ground,goto_finished_off_sticker,1682813071,30/04/2023 00:04:00:40
GR003264,ground,goto_finished_off_sticker,1682813688,30/04/2023 00:14:00:140
GR003264,ground,corners_cv_started,1682813688,30/04/2023 00:14:00:140
GR003264,ground,goto_started_off_sticker,1682813696,30/04/2023 00:14:00:140
GR003291,ground,goto_finished_off_sticker,1682813905,30/04/2023 00:18:00:180
GR003291,ground,corners_cv_started,1682813906,30/04/2023 00:18:00:180
GR003291,ground,corners_cv_succeeded,1682813906,30/04/2023 00:18:00:180
GR003283,ground,goto_finished_off_sticker,1682814078,30/04/2023 00:21:00:210
GR003283,ground,corners_cv_started,1682814078,30/04/2023 00:21:00:210
GR003283,ground,corners_cv_succeeded,1682814078,30/04/2023 00:21:00:210
GR003283,ground,corners_cv_irrelevant,1682814078,30/04/2023 00:21:00:210
GR003283,ground,corners_cv_started,1682814089,30/04/2023 00:21:00:210
GR003283,ground,corners_cv_succeeded,1682814089,30/04/2023 00:21:00:210
GR003242,ground,missing_sticker,1682814637,30/04/2023 00:30:00:300
GR003277,ground,goto_finished_off_sticker,1682814660,30/04/2023 00:31:00:310
GR003277,ground,corners_cv_started,1682814660,30/04/2023 00:31:00:310
GR003277,ground,corners_cv_succeeded,1682814660,30/04/2023 00:31:00:310
GR003215,ground,goto_finished_off_sticker,1682814732,30/04/2023 00:32:00:320
GR003215,ground,corners_cv_started,1682814732,30/04/2023 00:32:00:320
GR003215,ground,corners_cv_succeeded,1682814732,30/04/2023 00:32:00:320
LR00002254,lift,fine_positioning_tote_centering_after_hs_error,1682815631,30/04/2023 00:47:00:470
LR00002254,lift,auto_reset_agent,1682815652,30/04/2023 00:47:00:470
GR003283,ground,goto_finished_off_sticker,1682815765,30/04/2023 00:49:00:490
GR003283,ground,corners_cv_started,1682815765,30/04/2023 00:49:00:490
GR003283,ground,corners_cv_succeeded,1682815765,30/04/2023 00:49:00:490
GR003277,ground,goto_finished_off_sticker,1682815857,30/04/2023 00:50:00:500
GR003277,ground,corners_cv_started,1682815858,30/04/2023 00:50:00:500
GR003277,ground,corners_cv_succeeded,1682815858,30/04/2023 00:50:00:500
GR003221,ground,goto_finished_off_sticker,1682816196,30/04/2023 00:56:00:560
GR003221,ground,corners_cv_started,1682816196,30/04/2023 00:56:00:560
GR003221,ground,corners_cv_succeeded,1682816196,30/04/2023 00:56:00:560
GR003295,ground,goto_finished_off_sticker,1682816277,30/04/2023 00:57:00:570
GR003295,ground,corners_cv_started,1682816277,30/04/2023 00:57:00:570
GR003295,ground,corners_cv_succeeded,1682816277,30/04/2023 00:57:00:570
GR003068,ground,goto_finished_off_sticker,1682816519,30/04/2023 01:01:00:10
GR003068,ground,corners_cv_started,1682816519,30/04/2023 01:01:00:10
GR003068,ground,corners_cv_succeeded,1682816519,30/04/2023 01:01:00:10
GR003068,ground,corners_cv_irrelevant,1682816519,30/04/2023 01:01:00:10
GR003068,ground,goto_started_off_sticker,1682816560,30/04/2023 01:02:00:20
GR003068,ground,missing_sticker,1682816562,30/04/2023 01:02:00:20
GR003068,ground,missing_sticker,1682816563,30/04/2023 01:02:00:20
GR003068,ground,missing_stickers,1682816569,30/04/2023 01:02:00:20
GR003068,ground,signup_no_sticker,1682816569,30/04/2023 01:02:00:20
GR003270,ground,goto_finished_off_sticker,1682817125,30/04/2023 01:12:00:120
GR003270,ground,corners_cv_started,1682817125,30/04/2023 01:12:00:120
GR003270,ground,corners_cv_succeeded,1682817125,30/04/2023 01:12:00:120
GR003295,ground,goto_finished_off_sticker,1682818109,30/04/2023 01:28:00:280
GR003295,ground,corners_cv_started,1682818109,30/04/2023 01:28:00:280
GR003295,ground,corners_cv_succeeded,1682818109,30/04/2023 01:28:00:280
GR003291,ground,goto_finished_off_sticker,1682818179,30/04/2023 01:29:00:290
GR003291,ground,corners_cv_started,1682818179,30/04/2023 01:29:00:290
GR003291,ground,corners_cv_succeeded,1682818179,30/04/2023 01:29:00:290
GR003068,ground,auto_reset_agent,1682818217,30/04/2023 01:30:00:300
GR003082,ground,goto_finished_off_sticker,1682818571,30/04/2023 01:36:00:360
GR003082,ground,corners_cv_started,1682818571,30/04/2023 01:36:00:360
GR003082,ground,corners_cv_succeeded,1682818571,30/04/2023 01:36:00:360
GR003082,ground,corners_cv_irrelevant,1682818571,30/04/2023 01:36:00:360
GR003212,ground,goto_finished_off_sticker,1682819077,30/04/2023 01:44:00:440
GR003212,ground,corners_cv_started,1682819077,30/04/2023 01:44:00:440
GR003212,ground,corners_cv_succeeded,1682819077,30/04/2023 01:44:00:440
GR003165,ground,periodic_goto_timeout,1682819356,30/04/2023 01:49:00:490
GR003165,ground,auto_reset_agent,1682819356,30/04/2023 01:49:00:490
GR003120,ground,missing_sticker,1682822586,30/04/2023 02:43:00:430
LR00002288,lift,auto_reset_agent,1682826432,30/04/2023 03:47:00:470
GR003263,ground,goto_finished_off_sticker,1682828978,30/04/2023 04:29:00:290
GR003263,ground,corners_cv_started,1682828979,30/04/2023 04:29:00:290
GR003263,ground,corners_cv_succeeded,1682828979,30/04/2023 04:29:00:290
GR003280,ground,missing_sticker,1682830166,30/04/2023 04:49:00:490
GR003165,ground,periodic_goto_timeout,1682830176,30/04/2023 04:49:00:490
GR003165,ground,auto_reset_agent,1682830176,30/04/2023 04:49:00:490
GR003165,ground,read_data_matrix_timeout,1682830240,30/04/2023 04:50:00:500
LR00002288,lift,reset_agent_by_user,1682831330,30/04/2023 05:08:00:80
LR00002120,lift,reset_agent_by_user,1682831342,30/04/2023 05:09:00:90
GR003156,ground,ground_not_responding,1682832212,30/04/2023 05:23:00:230
GR003156,ground,goto_timeout,1682832240,30/04/2023 05:24:00:240
GR003156,ground,auto_reset_agent,1682832240,30/04/2023 05:24:00:240
GR003275,ground,turn_timeout,1682832741,30/04/2023 05:32:00:320
GR003275,ground,auto_reset_agent,1682832743,30/04/2023 05:32:00:320
GR003227,ground,auto_reset_agent,1682832755,30/04/2023 05:32:00:320
GR003165,ground,ground_not_responding,1682832916,30/04/2023 05:35:00:350
GR003165,ground,goto_timeout,1682832938,30/04/2023 05:35:00:350
GR003165,ground,auto_reset_agent,1682832938,30/04/2023 05:35:00:350
GR003165,ground,offline,1682833207,30/04/2023 05:40:00:400
GR003275,ground,turn_timeout,1682835381,30/04/2023 06:16:00:160
GR003275,ground,auto_reset_agent,1682835383,30/04/2023 06:16:00:160
GR003275,ground,robot_version_timeout,1682835422,30/04/2023 06:17:00:170
GR003275,ground,robot_version_timeout,1682835432,30/04/2023 06:17:00:170
GR003227,ground,periodic_goto_timeout,1682835624,30/04/2023 06:20:00:200
GR003227,ground,auto_reset_agent,1682835624,30/04/2023 06:20:00:200
GR003227,ground,robot_version_timeout,1682835652,30/04/2023 06:20:00:200
GR003227,ground,read_data_matrix_timeout,1682835699,30/04/2023 06:21:00:210
GR003254,ground,validate_sticker_timeout,1682835880,30/04/2023 06:24:00:240
GR003251,ground,goto_finished_off_sticker,1682835969,30/04/2023 06:26:00:260
GR003251,ground,corners_cv_started,1682835969,30/04/2023 06:26:00:260
GR003251,ground,turn_started_off_sticker,1682835971,30/04/2023 06:26:00:260
GR003251,ground,workaround_started,1682835972,30/04/2023 06:26:00:260
GR003251,ground,goto_finished_off_sticker,1682835973,30/04/2023 06:26:00:260
GR003251,ground,corners_cv_started,1682835973,30/04/2023 06:26:00:260
GR003251,ground,workaround_dismissed,1682835974,30/04/2023 06:26:00:260
GR003251,ground,workaround_failed,1682835975,30/04/2023 06:26:00:260
GR003251,ground,corners_cv_started,1682835996,30/04/2023 06:26:00:260
GR003251,ground,turn_finished_off_sticker,1682836001,30/04/2023 06:26:00:260
GR003251,ground,signup_no_sticker,1682836002,30/04/2023 06:26:00:260
LR00002288,lift,auto_reset_agent,1682836435,30/04/2023 06:33:00:330
LR00002120,lift,auto_reset_agent,1682836438,30/04/2023 06:33:00:330
LR00002267,lift,auto_reset_agent,1682836482,30/04/2023 06:34:00:340
LR00002113,lift,auto_reset_agent,1682836484,30/04/2023 06:34:00:340
LR00002282,lift,auto_reset_agent,1682836487,30/04/2023 06:34:00:340
GR003251,ground,safety_entered,1682836755,30/04/2023 06:39:00:390
GR003251,ground,robot_restarted,1682836757,30/04/2023 06:39:00:390
GR003251,ground,auto_reset_agent,1682836757,30/04/2023 06:39:00:390
LR00002282,lift,auto_reset_agent,1682836875,30/04/2023 06:41:00:410
LR00002288,lift,auto_reset_agent,1682836878,30/04/2023 06:41:00:410
LR00002120,lift,auto_reset_agent,1682836880,30/04/2023 06:41:00:410
LR00002267,lift,auto_reset_agent,1682836882,30/04/2023 06:41:00:410
LR00002113,lift,auto_reset_agent,1682836884,30/04/2023 06:41:00:410
LR00002267,lift,auto_reset_agent,1682837130,30/04/2023 06:45:00:450
GR003227,ground,periodic_goto_timeout,1682837253,30/04/2023 06:47:00:470
GR003227,ground,auto_reset_agent,1682837254,30/04/2023 06:47:00:470
LR00002265,lift,conveyor_not_success_to_pull_the_tote_while_loading,1682837353,30/04/2023 06:49:00:490
GR003267,ground,missing_sticker,1682837601,30/04/2023 06:53:00:530
LR00002265,lift,lift_not_responding,1682838761,30/04/2023 07:12:00:120
LR00002093,lift,auto_reset_agent,1682838787,30/04/2023 07:13:00:130
LR00002114,lift,auto_reset_agent,1682838790,30/04/2023 07:13:00:130
LR00002221,lift,auto_reset_agent,1682838791,30/04/2023 07:13:00:130
LR00002087,lift,auto_reset_agent,1682838793,30/04/2023 07:13:00:130
LR00002265,lift,auto_reset_agent,1682839033,30/04/2023 07:17:00:170
LR00002265,lift,auto_reset_agent,1682839059,30/04/2023 07:17:00:170
GR003165,ground,turn_timeout,1682839248,30/04/2023 07:20:00:200
GR003165,ground,auto_reset_agent,1682839248,30/04/2023 07:20:00:200
GR003227,ground,periodic_goto_timeout,1682839830,30/04/2023 07:30:00:300
GR003227,ground,auto_reset_agent,1682839830,30/04/2023 07:30:00:300
LR00002093,lift,auto_reset_agent,1682841300,30/04/2023 07:55:00:550
GR003165,ground,turn_timeout,1682843610,30/04/2023 08:33:00:330
GR003165,ground,auto_reset_agent,1682843611,30/04/2023 08:33:00:330
GR003246,ground,goto_finished_off_sticker,1682845946,30/04/2023 09:12:00:120
GR003246,ground,corners_cv_started,1682845946,30/04/2023 09:12:00:120
GR003246,ground,corners_cv_succeeded,1682845947,30/04/2023 09:12:00:120
GR003246,ground,corners_cv_irrelevant,1682845947,30/04/2023 09:12:00:120
GR003212,ground,missing_sticker,1682846176,30/04/2023 09:16:00:160
GR003294,ground,ground_not_responding,1682846812,30/04/2023 09:26:00:260
GR003294,ground,periodic_goto_timeout,1682846817,30/04/2023 09:26:00:260
GR003294,ground,auto_reset_agent,1682846817,30/04/2023 09:26:00:260
GR003295,ground,missing_sticker,1682846859,30/04/2023 09:27:00:270
GR003297,ground,goto_finished_off_sticker,1682847020,30/04/2023 09:30:00:300
GR003297,ground,corners_cv_started,1682847021,30/04/2023 09:30:00:300
GR003297,ground,corners_cv_succeeded,1682847021,30/04/2023 09:30:00:300
GR003212,ground,missing_sticker,1682847493,30/04/2023 09:38:00:380
GR003227,ground,turn_timeout,1682847730,30/04/2023 09:42:00:420
GR003227,ground,auto_reset_agent,1682847730,30/04/2023 09:42:00:420
GR003273,ground,missing_sticker,1682847802,30/04/2023 09:43:00:430
GR003282,ground,goto_finished_off_sticker,1682848606,30/04/2023 09:56:00:560
GR003282,ground,corners_cv_started,1682848606,30/04/2023 09:56:00:560
GR003282,ground,corners_cv_succeeded,1682848606,30/04/2023 09:56:00:560
GR003282,ground,corners_cv_irrelevant,1682848606,30/04/2023 09:56:00:560
GR003221,ground,goto_finished_off_sticker,1682848680,30/04/2023 09:58:00:580
GR003221,ground,corners_cv_started,1682848680,30/04/2023 09:58:00:580
GR003227,ground,ground_not_responding,1682848737,30/04/2023 09:58:00:580
GR003227,ground,robot_restarted,1682848742,30/04/2023 09:59:00:590
GR003227,ground,auto_reset_agent,1682848742,30/04/2023 09:59:00:590
GR003298,ground,missing_sticker,1682849322,30/04/2023 10:08:00:80
GR003165,ground,turn_timeout,1682849626,30/04/2023 10:13:00:130
GR003165,ground,auto_reset_agent,1682849628,30/04/2023 10:13:00:130
GR003130,ground,missing_sticker,1682850269,30/04/2023 10:24:00:240
GR003270,ground,auto_reset_agent,1682850295,30/04/2023 10:24:00:240
GR003267,ground,missing_sticker,1682850438,30/04/2023 10:27:00:270
GR003212,ground,missing_sticker,1682851809,30/04/2023 10:50:00:500
GR003267,ground,missing_sticker,1682852267,30/04/2023 10:57:00:570
GR003165,ground,periodic_goto_timeout,1682853939,30/04/2023 11:25:00:250
GR003165,ground,auto_reset_agent,1682853939,30/04/2023 11:25:00:250
GR003255,ground,missing_sticker,1682854022,30/04/2023 11:27:00:270
LR00002222,lift,fine_positioning_tote_centering_after_hs_error,1682854495,30/04/2023 11:34:00:340
LR00002222,lift,auto_reset_agent,1682854506,30/04/2023 11:35:00:350
LR00002222,lift,fine_position_not_success_while_loading_not_all_4_sensors_are_on,1682854525,30/04/2023 11:35:00:350
LR00002222,lift,fine_position_not_success_while_loading_not_all_4_sensors_are_on,1682854717,30/04/2023 11:38:00:380
LR00002222,lift,fine_position_not_success_while_loading_not_all_4_sensors_are_on,1682854957,30/04/2023 11:42:00:420
GR003264,ground,missing_sticker,1682855141,30/04/2023 11:45:00:450
LR00002222,lift,fine_position_not_success_while_loading_not_all_4_sensors_are_on,1682855198,30/04/2023 11:46:00:460
LR00002222,lift,fine_position_not_success_while_loading_not_all_4_sensors_are_on,1682855438,30/04/2023 11:50:00:500
GR003178,ground,missing_sticker,1682855640,30/04/2023 11:54:00:540
LR00002222,lift,fine_position_not_success_while_loading_not_all_4_sensors_are_on,1682855678,30/04/2023 11:54:00:540
LR00002222,lift,fine_position_not_success_while_loading_not_all_4_sensors_are_on,1682855918,30/04/2023 11:58:00:580
LR00002222,lift,fine_position_not_success_while_loading_not_all_4_sensors_are_on,1682856159,30/04/2023 12:02:00:20
LR00002222,lift,fine_position_not_success_while_loading_not_all_4_sensors_are_on,1682856399,30/04/2023 12:06:00:60
GR003165,ground,turn_timeout,1682856501,30/04/2023 12:08:00:80
GR003165,ground,auto_reset_agent,1682856502,30/04/2023 12:08:00:80
GR003165,ground,robot_version_timeout,1682856527,30/04/2023 12:08:00:80
GR003263,ground,missing_sticker,1682856543,30/04/2023 12:09:00:90
GR003165,ground,read_data_matrix_timeout,1682856579,30/04/2023 12:09:00:90
LR00002222,lift,auto_reset_agent,1682856595,30/04/2023 12:09:00:90
GR003267,ground,missing_sticker,1682857933,30/04/2023 12:32:00:320
LR00002265,lift,conveyor_not_success_to_pull_the_tote_while_loading,1682861606,30/04/2023 13:33:00:330
GR003281,ground,corners_cv_started,1682861911,30/04/2023 13:38:00:380
GR003281,ground,corners_cv_succeeded,1682861912,30/04/2023 13:38:00:380
GR003281,ground,corners_cv_irrelevant,1682861912,30/04/2023 13:38:00:380
GR003275,ground,turn_timeout,1682862108,30/04/2023 13:41:00:410
GR003275,ground,auto_reset_agent,1682862109,30/04/2023 13:41:00:410
LR00002265,lift,auto_reset_agent,1682862174,30/04/2023 13:42:00:420
GR003227,ground,robot_restarted,1682863613,30/04/2023 14:06:00:60
GR003227,ground,auto_reset_agent,1682863614,30/04/2023 14:06:00:60
GR003215,ground,missing_sticker,1682865434,30/04/2023 14:37:00:370
GR003165,ground,turn_timeout,1682865637,30/04/2023 14:40:00:400
GR003165,ground,auto_reset_agent,1682865638,30/04/2023 14:40:00:400
GR003210,ground,tote_mismatch_error,1682865694,30/04/2023 14:41:00:410
GR003210,ground,auto_reset_agent,1682865702,30/04/2023 14:41:00:410
GR003295,ground,missing_sticker,1682866437,30/04/2023 14:53:00:530
GR003283,ground,missing_sticker,1682866581,30/04/2023 14:56:00:560
GR003227,ground,periodic_goto_timeout,1682866621,30/04/2023 14:57:00:570
GR003227,ground,auto_reset_agent,1682866622,30/04/2023 14:57:00:570
GR003233,ground,signup_no_sticker,1682866878,30/04/2023 15:01:00:10
GR003211,ground,conflicting_tote_switch,1682866894,30/04/2023 15:01:00:10
GR003211,ground,auto_reset_agent,1682866897,30/04/2023 15:01:00:10
GR003167,ground,signup_no_sticker,1682867148,30/04/2023 15:05:00:50
GR003167,ground,safety_entered,1682867149,30/04/2023 15:05:00:50
GR003270,ground,missing_sticker,1682867228,30/04/2023 15:07:00:70
GR003074,ground,conflicting_tote_switch,1682867421,30/04/2023 15:10:00:100
GR003074,ground,auto_reset_agent,1682867424,30/04/2023 15:10:00:100
GR003264,ground,missing_sticker,1682867467,30/04/2023 15:11:00:110
GR003156,ground,conflicting_tote_switch,1682867489,30/04/2023 15:11:00:110
GR003156,ground,auto_reset_agent,1682867496,30/04/2023 15:11:00:110
GR003247,ground,conflicting_tote_switch,1682867519,30/04/2023 15:12:00:120
GR003287,ground,missing_sticker,1682867520,30/04/2023 15:12:00:120
GR003247,ground,auto_reset_agent,1682867525,30/04/2023 15:12:00:120
GR003168,ground,conflicting_tote_switch,1682867536,30/04/2023 15:12:00:120
GR003168,ground,auto_reset_agent,1682867541,30/04/2023 15:12:00:120
GR003157,ground,conflicting_tote_switch,1682867577,30/04/2023 15:12:00:120
GR003157,ground,auto_reset_agent,1682867584,30/04/2023 15:13:00:130
GR003076,ground,conflicting_tote_switch,1682867701,30/04/2023 15:15:00:150
GR003076,ground,auto_reset_agent,1682867704,30/04/2023 15:15:00:150
GR003287,ground,conflicting_tote_switch,1682867748,30/04/2023 15:15:00:150
GR003287,ground,auto_reset_agent,1682867750,30/04/2023 15:15:00:150
GR003227,ground,periodic_goto_timeout,1682868077,30/04/2023 15:21:00:210
GR003227,ground,auto_reset_agent,1682868077,30/04/2023 15:21:00:210
GR003244,ground,conflicting_tote_switch,1682868101,30/04/2023 15:21:00:210
GR003244,ground,auto_reset_agent,1682868103,30/04/2023 15:21:00:210
GR003264,ground,missing_sticker,1682868248,30/04/2023 15:24:00:240
GR003274,ground,conflicting_tote_switch,1682868827,30/04/2023 15:33:00:330
GR003274,ground,auto_reset_agent,1682868830,30/04/2023 15:33:00:330
GR003098,ground,conflicting_tote_switch,1682868907,30/04/2023 15:35:00:350
GR003098,ground,auto_reset_agent,1682868909,30/04/2023 15:35:00:350
GR003227,ground,turn_timeout,1682869270,30/04/2023 15:41:00:410
GR003227,ground,auto_reset_agent,1682869270,30/04/2023 15:41:00:410
GR003294,ground,periodic_goto_timeout,1682869513,30/04/2023 15:45:00:450
GR003294,ground,auto_reset_agent,1682869514,30/04/2023 15:45:00:450
GR003270,ground,missing_sticker,1682869627,30/04/2023 15:47:00:470
GR003177,ground,missing_sticker,1682870031,30/04/2023 15:53:00:530
GR003264,ground,missing_sticker,1682870062,30/04/2023 15:54:00:540
GR003230,ground,missing_sticker,1682870226,30/04/2023 15:57:00:570
GR003294,ground,periodic_goto_timeout,1682873638,30/04/2023 16:53:00:530
GR003294,ground,auto_reset_agent,1682873638,30/04/2023 16:53:00:530
GR003199,ground,missing_sticker,1682874783,30/04/2023 17:13:00:130
GR003165,ground,turn_timeout,1682875700,30/04/2023 17:28:00:280
GR003165,ground,auto_reset_agent,1682875700,30/04/2023 17:28:00:280
GR003275,ground,periodic_goto_timeout,1682875812,30/04/2023 17:30:00:300
GR003275,ground,auto_reset_agent,1682875812,30/04/2023 17:30:00:300
GR003275,ground,read_data_matrix_timeout,1682875879,30/04/2023 17:31:00:310
LR00002265,lift,conveyor_not_success_to_pull_the_tote_while_loading,1682876715,30/04/2023 17:45:00:450
GR003215,ground,missing_sticker,1682877391,30/04/2023 17:56:00:560
GR003295,ground,missing_sticker,1682877686,30/04/2023 18:01:00:10
LR00002265,lift,auto_reset_agent,1682877962,30/04/2023 18:06:00:60
GR003068,ground,auto_reset_agent,1682878104,30/04/2023 18:08:00:80
GR003068,ground,reset_agent_by_user,1682878497,30/04/2023 18:14:00:140
GR003168,ground,offline,1682878549,30/04/2023 18:15:00:150
GR003068,ground,safety_entered,1682878585,30/04/2023 18:16:00:160
GR003068,ground,robot_restarted,1682878586,30/04/2023 18:16:00:160
GR003068,ground,auto_reset_agent,1682878587,30/04/2023 18:16:00:160
GR003239,ground,safety_entered,1682878592,30/04/2023 18:16:00:160
GR003239,ground,robot_restarted,1682878594,30/04/2023 18:16:00:160
GR003239,ground,auto_reset_agent,1682878594,30/04/2023 18:16:00:160
GR003068,ground,goto_finished_off_sticker,1682878612,30/04/2023 18:16:00:160
GR003068,ground,corners_cv_started,1682878612,30/04/2023 18:16:00:160
GR003068,ground,goto_started_off_sticker,1682878612,30/04/2023 18:16:00:160
GR003068,ground,missing_sticker,1682878613,30/04/2023 18:16:00:160
GR003068,ground,missing_sticker,1682878614,30/04/2023 18:16:00:160
GR003068,ground,missing_stickers,1682878624,30/04/2023 18:17:00:170
GR003068,ground,signup_no_sticker,1682878624,30/04/2023 18:17:00:170
GR003068,ground,safety_entered,1682878634,30/04/2023 18:17:00:170
GR003068,ground,ground_not_responding,1682878706,30/04/2023 18:18:00:180
GR003068,ground,read_data_matrix_timeout,1682878713,30/04/2023 18:18:00:180
GR003068,ground,robot_location_unknown,1682878734,30/04/2023 18:18:00:180
GR003068,ground,auto_reset_agent,1682878734,30/04/2023 18:18:00:180
GR003165,ground,turn_timeout,1682879904,30/04/2023 18:38:00:380
GR003165,ground,auto_reset_agent,1682879904,30/04/2023 18:38:00:380
GR003165,ground,robot_version_timeout,1682879945,30/04/2023 18:39:00:390
GR003165,ground,robot_version_timeout,1682879955,30/04/2023 18:39:00:390
GR003165,ground,robot_version_timeout,1682879965,30/04/2023 18:39:00:390
GR003165,ground,auto_reset_agent,1682879965,30/04/2023 18:39:00:390
GR003165,ground,offline,1682880221,30/04/2023 18:43:00:430
GR003165,ground,turn_timeout,1682882921,30/04/2023 19:28:00:280
GR003165,ground,auto_reset_agent,1682882921,30/04/2023 19:28:00:280
GR003200,ground,missing_sticker,1682882934,30/04/2023 19:28:00:280
GR003227,ground,turn_timeout,1682883351,30/04/2023 19:35:00:350
GR003227,ground,auto_reset_agent,1682883353,30/04/2023 19:35:00:350
GR003297,ground,missing_sticker,1682884194,30/04/2023 19:49:00:490
GR003297,ground,missing_sticker,1682884204,30/04/2023 19:50:00:500
GR003212,ground,missing_sticker,1682885631,30/04/2023 20:13:00:130
GR003159,ground,auto_reset_agent,1682886059,30/04/2023 20:21:00:210
GR003165,ground,periodic_goto_timeout,1682886714,30/04/2023 20:31:00:310
GR003165,ground,auto_reset_agent,1682886714,30/04/2023 20:31:00:310
GR003264,ground,missing_sticker,1682887265,30/04/2023 20:41:00:410
GR003283,ground,missing_sticker,1682887559,30/04/2023 20:45:00:450
GR003277,ground,missing_sticker,1682888542,30/04/2023 21:02:00:20
GR003275,ground,missing_sticker,1682888727,30/04/2023 21:05:00:50
GR003294,ground,periodic_goto_timeout,1682889719,30/04/2023 21:22:00:220
GR003294,ground,auto_reset_agent,1682889719,30/04/2023 21:22:00:220
GR003295,ground,missing_sticker,1682890272,30/04/2023 21:31:00:310
GR003275,ground,missing_sticker,1682891026,30/04/2023 21:43:00:430
GR003298,ground,missing_sticker,1682891227,30/04/2023 21:47:00:470
GR003264,ground,missing_sticker,1682894220,30/04/2023 22:37:00:370
LR00002100,lift,fine_positioning_tote_centering_after_hs_error,1682895899,30/04/2023 23:05:00:50
LR00002100,lift,auto_reset_agent,1682895949,30/04/2023 23:05:00:50
LR00002100,lift,fine_position_not_success_while_loading_not_all_4_sensors_are_on,1682895968,30/04/2023 23:06:00:60
LR00002100,lift,fine_position_not_success_while_loading_not_all_4_sensors_are_on,1682896169,30/04/2023 23:09:00:90
LR00002100,lift,fine_position_not_success_while_loading_not_all_4_sensors_are_on,1682896409,30/04/2023 23:13:00:130
GR003162,ground,robot_off_track,1682896581,30/04/2023 23:16:00:160
GR003162,ground,auto_reset_agent,1682896581,30/04/2023 23:16:00:160
GR003162,ground,signup_no_sticker,1682896599,30/04/2023 23:16:00:160
LR00002100,lift,fine_position_not_success_while_loading_not_all_4_sensors_are_on,1682896665,30/04/2023 23:17:00:170
GR003165,ground,periodic_goto_timeout,1682896741,30/04/2023 23:19:00:190
GR003165,ground,auto_reset_agent,1682896741,30/04/2023 23:19:00:190
GR003162,ground,signup_no_sticker,1682896840,30/04/2023 23:20:00:200
LR00002100,lift,fine_position_not_success_while_loading_not_all_4_sensors_are_on,1682896905,30/04/2023 23:21:00:210
GR003162,ground,signup_no_sticker,1682897080,30/04/2023 23:24:00:240
LR00002100,lift,fine_position_not_success_while_loading_not_all_4_sensors_are_on,1682897145,30/04/2023 23:25:00:250
GR003162,ground,signup_no_sticker,1682897320,30/04/2023 23:28:00:280
LR00002100,lift,fine_position_not_success_while_loading_not_all_4_sensors_are_on,1682897386,30/04/2023 23:29:00:290
GR003162,ground,signup_no_sticker,1682897560,30/04/2023 23:32:00:320
LR00002100,lift,fine_position_not_success_while_loading_not_all_4_sensors_are_on,1682897626,30/04/2023 23:33:00:330
GR003162,ground,signup_no_sticker,1682897801,30/04/2023 23:36:00:360
LR00002100,lift,fine_position_not_success_while_loading_not_all_4_sensors_are_on,1682897866,30/04/2023 23:37:00:370
GR003294,ground,turn_timeout,1682897936,30/04/2023 23:38:00:380
GR003294,ground,auto_reset_agent,1682897936,30/04/2023 23:38:00:380
LR00002100,lift,auto_reset_agent,1682898017,30/04/2023 23:40:00:400
GR003162,ground,signup_no_sticker,1682898042,30/04/2023 23:40:00:400
GR003162,ground,signup_no_sticker,1682898282,30/04/2023 23:44:00:440
GR003090,ground,robot_off_track,1682898485,30/04/2023 23:48:00:480
GR003090,ground,auto_reset_agent,1682898485,30/04/2023 23:48:00:480
GR003090,ground,following_y_error_during_movement,1682898507,30/04/2023 23:48:00:480
GR003090,ground,signup_no_sticker,1682898507,30/04/2023 23:48:00:480
GR003162,ground,signup_no_sticker,1682898523,30/04/2023 23:48:00:480
LR00002112,lift,actuator_can_not_lock,1682898585,30/04/2023 23:49:00:490
GR003090,ground,signup_no_sticker,1682898706,30/04/2023 23:51:00:510
GR003162,ground,signup_no_sticker,1682898762,30/04/2023 23:52:00:520
LR00002112,lift,auto_reset_agent,1682898772,30/04/2023 23:52:00:520
GR003090,ground,signup_no_sticker,1682898945,30/04/2023 23:55:00:550
GR003162,ground,signup_no_sticker,1682899003,30/04/2023 23:56:00:560
GR003090,ground,signup_no_sticker,1682899186,30/04/2023 23:59:00:590
GR003162,ground,signup_no_sticker,1682899242,01/05/2023 00:00:00:00
GR003090,ground,signup_no_sticker,1682899427,01/05/2023 00:03:00:30
GR003162,ground,signup_no_sticker,1682899483,01/05/2023 00:04:00:40
GR003294,ground,periodic_goto_timeout,1682899641,01/05/2023 00:07:00:70
GR003294,ground,auto_reset_agent,1682899641,01/05/2023 00:07:00:70
GR003090,ground,signup_no_sticker,1682899666,01/05/2023 00:07:00:70
GR003162,ground,signup_no_sticker,1682899724,01/05/2023 00:08:00:80
LR00002111,lift,fine_positioning_tote_centering_after_hs_error,1682899840,01/05/2023 00:10:00:100
LR00002111,lift,auto_reset_agent,1682899850,01/05/2023 00:10:00:100
LR00002111,lift,fine_position_not_success_while_loading_not_all_4_sensors_are_on,1682899871,01/05/2023 00:11:00:110
GR003090,ground,signup_no_sticker,1682899908,01/05/2023 00:11:00:110
GR003162,ground,signup_no_sticker,1682899964,01/05/2023 00:12:00:120
LR00002111,lift,fine_position_not_success_while_loading_not_all_4_sensors_are_on,1682900086,01/05/2023 00:14:00:140
GR003090,ground,signup_no_sticker,1682900149,01/05/2023 00:15:00:150
GR003162,ground,reset_agent_by_user,1682900212,01/05/2023 00:16:00:160
GR003162,ground,robot_off_track,1682900237,01/05/2023 00:17:00:170
GR003162,ground,auto_reset_agent,1682900238,01/05/2023 00:17:00:170
GR003162,ground,signup_no_sticker,1682900243,01/05/2023 00:17:00:170
LR00002111,lift,auto_reset_agent,1682900265,01/05/2023 00:17:00:170
GR003162,ground,signup_no_sticker,1682900469,01/05/2023 00:21:00:210
GR003090,ground,robot_restarted,1682900543,01/05/2023 00:22:00:220
GR003090,ground,auto_reset_agent,1682900543,01/05/2023 00:22:00:220
GR003090,ground,signup_no_sticker,1682900562,01/05/2023 00:22:00:220
GR003162,ground,signup_no_sticker,1682900710,01/05/2023 00:25:00:250
GR003090,ground,signup_no_sticker,1682900744,01/05/2023 00:25:00:250
GR003162,ground,signup_no_sticker,1682900951,01/05/2023 00:29:00:290
GR003090,ground,signup_no_sticker,1682900986,01/05/2023 00:29:00:290
GR003162,ground,signup_no_sticker,1682901190,01/05/2023 00:33:00:330
GR003090,ground,signup_no_sticker,1682901225,01/05/2023 00:33:00:330
GR003162,ground,signup_no_sticker,1682901431,01/05/2023 00:37:00:370
GR003090,ground,signup_no_sticker,1682901466,01/05/2023 00:37:00:370
GR003162,ground,signup_no_sticker,1682901671,01/05/2023 00:41:00:410
GR003090,ground,signup_no_sticker,1682901705,01/05/2023 00:41:00:410
GR003162,ground,signup_no_sticker,1682901912,01/05/2023 00:45:00:450
GR003090,ground,signup_no_sticker,1682901947,01/05/2023 00:45:00:450
GR003162,ground,signup_no_sticker,1682902153,01/05/2023 00:49:00:490
GR003090,ground,signup_no_sticker,1682902188,01/05/2023 00:49:00:490
GR003162,ground,signup_no_sticker,1682902392,01/05/2023 00:53:00:530
GR003090,ground,signup_no_sticker,1682902427,01/05/2023 00:53:00:530
GR003162,ground,signup_no_sticker,1682902634,01/05/2023 00:57:00:570
GR003090,ground,signup_no_sticker,1682902668,01/05/2023 00:57:00:570
GR003162,ground,signup_no_sticker,1682902873,01/05/2023 01:01:00:10
GR003090,ground,signup_no_sticker,1682902909,01/05/2023 01:01:00:10
GR003162,ground,signup_no_sticker,1682903114,01/05/2023 01:05:00:50
GR003090,ground,signup_no_sticker,1682903148,01/05/2023 01:05:00:50
GR003162,ground,signup_no_sticker,1682903355,01/05/2023 01:09:00:90
GR003090,ground,signup_no_sticker,1682903389,01/05/2023 01:09:00:90
GR003227,ground,periodic_goto_timeout,1682903391,01/05/2023 01:09:00:90
GR003227,ground,auto_reset_agent,1682903391,01/05/2023 01:09:00:90
GR003162,ground,signup_no_sticker,1682903595,01/05/2023 01:13:00:130
GR003090,ground,signup_no_sticker,1682903630,01/05/2023 01:13:00:130
GR003162,ground,signup_no_sticker,1682903836,01/05/2023 01:17:00:170
GR003090,ground,signup_no_sticker,1682903870,01/05/2023 01:17:00:170
GR003162,ground,goto_finished_off_sticker,1682903962,01/05/2023 01:19:00:190
GR003162,ground,corners_cv_started,1682903962,01/05/2023 01:19:00:190
GR003162,ground,goto_finished_off_sticker,1682903965,01/05/2023 01:19:00:190
GR003162,ground,corners_cv_started,1682903965,01/05/2023 01:19:00:190
GR003090,ground,robot_restarted,1682904035,01/05/2023 01:20:00:200
GR003090,ground,auto_reset_agent,1682904035,01/05/2023 01:20:00:200
GR003090,ground,signup_no_sticker,1682904053,01/05/2023 01:20:00:200
GR003162,ground,robot_restarted,1682904083,01/05/2023 01:21:00:210
GR003162,ground,reset_agent_by_user,1682904084,01/05/2023 01:21:00:210
GR003090,ground,robot_restarted,1682904202,01/05/2023 01:23:00:230
GR003090,ground,auto_reset_agent,1682904204,01/05/2023 01:23:00:230
GR003090,ground,signup_no_sticker,1682904225,01/05/2023 01:23:00:230
GR003090,ground,robot_restarted,1682904483,01/05/2023 01:28:00:280
GR003090,ground,auto_reset_agent,1682904483,01/05/2023 01:28:00:280
GR003090,ground,signup_no_sticker,1682904501,01/05/2023 01:28:00:280
GR003213,ground,reset_agent_by_user,1682904677,01/05/2023 01:31:00:310
GR003090,ground,safety_entered,1682904851,01/05/2023 01:34:00:340
GR003090,ground,robot_restarted,1682904851,01/05/2023 01:34:00:340
GR003090,ground,auto_reset_agent,1682904851,01/05/2023 01:34:00:340
GR003090,ground,signup_no_sticker,1682904911,01/05/2023 01:35:00:350
GR003156,ground,turn_timeout,1682905379,01/05/2023 01:42:00:420
GR003156,ground,auto_reset_agent,1682905382,01/05/2023 01:43:00:430
GR003165,ground,turn_timeout,1682906997,01/05/2023 02:09:00:90
GR003165,ground,auto_reset_agent,1682906997,01/05/2023 02:09:00:90
GR003266,ground,missing_sticker,1682907575,01/05/2023 02:19:00:190
GR003275,ground,turn_timeout,1682908794,01/05/2023 02:39:00:390
GR003275,ground,auto_reset_agent,1682908795,01/05/2023 02:39:00:390
GR003297,ground,missing_sticker,1682914860,01/05/2023 04:21:00:210
GR003291,ground,missing_sticker,1682915208,01/05/2023 04:26:00:260
GR003165,ground,turn_timeout,1682916679,01/05/2023 04:51:00:510
GR003165,ground,auto_reset_agent,1682916679,01/05/2023 04:51:00:510
GR003294,ground,turn_timeout,1682917077,01/05/2023 04:57:00:570
GR003294,ground,auto_reset_agent,1682917077,01/05/2023 04:57:00:570
GR003227,ground,turn_timeout,1682918982,01/05/2023 05:29:00:290
GR003227,ground,auto_reset_agent,1682918984,01/05/2023 05:29:00:290
GR003294,ground,robot_restarted,1682919582,01/05/2023 05:39:00:390
GR003294,ground,auto_reset_agent,1682919583,01/05/2023 05:39:00:390
GR003298,ground,missing_sticker,1682920739,01/05/2023 05:58:00:580
GR003291,ground,missing_sticker,1682921369,01/05/2023 06:09:00:90
GR003264,ground,missing_sticker,1682922298,01/05/2023 06:24:00:240
GR003165,ground,turn_timeout,1682922860,01/05/2023 06:34:00:340
GR003165,ground,auto_reset_agent,1682922863,01/05/2023 06:34:00:340
GR003159,ground,missing_sticker,1682922975,01/05/2023 06:36:00:360
GR003227,ground,periodic_goto_timeout,1682923331,01/05/2023 06:42:00:420
GR003227,ground,auto_reset_agent,1682923331,01/05/2023 06:42:00:420
GR003227,ground,read_data_matrix_timeout,1682923390,01/05/2023 06:43:00:430
GR003221,ground,missing_sticker,1682923746,01/05/2023 06:49:00:490
GR003080,ground,missing_sticker,1682924236,01/05/2023 06:57:00:570
GR003290,ground,missing_sticker,1682924471,01/05/2023 07:01:00:10
GR003215,ground,missing_sticker,1682924614,01/05/2023 07:03:00:30
GR003282,ground,missing_sticker,1682924924,01/05/2023 07:08:00:80
GR003298,ground,missing_sticker,1682925088,01/05/2023 07:11:00:110
GR003153,ground,missing_sticker,1682925522,01/05/2023 07:18:00:180
LR00002264,lift,auto_reset_agent,1682929678,01/05/2023 08:27:00:270
GR003264,ground,missing_sticker,1682930490,01/05/2023 08:41:00:410
GR003275,ground,turn_timeout,1682932271,01/05/2023 09:11:00:110
GR003275,ground,auto_reset_agent,1682932272,01/05/2023 09:11:00:110
LR00002265,lift,conveyor_not_success_to_pull_the_tote_while_loading,1682932774,01/05/2023 09:19:00:190
GR003165,ground,periodic_goto_timeout,1682933581,01/05/2023 09:33:00:330
GR003165,ground,auto_reset_agent,1682933581,01/05/2023 09:33:00:330
GR003165,ground,read_data_matrix_timeout,1682933652,01/05/2023 09:34:00:340
LR00002265,lift,reset_agent_by_user,1682933685,01/05/2023 09:34:00:340
GR003275,ground,missing_sticker,1682935132,01/05/2023 09:58:00:580
GR003159,ground,missing_sticker,1682935494,01/05/2023 10:04:00:40
GR003230,ground,missing_sticker,1682936373,01/05/2023 10:19:00:190
GR003120,ground,missing_sticker,1682938246,01/05/2023 10:50:00:500
GR003095,ground,missing_sticker,1682938273,01/05/2023 10:51:00:510
GR003240,ground,turn_timeout,1682939447,01/05/2023 11:10:00:100
GR003240,ground,auto_reset_agent,1682939449,01/05/2023 11:10:00:100
GR003227,ground,robot_restarted,1682941020,01/05/2023 11:37:00:370
GR003227,ground,auto_reset_agent,1682941021,01/05/2023 11:37:00:370
GR003272,ground,following_x_error_during_movement,1682941134,01/05/2023 11:38:00:380
GR003272,ground,periodic_goto_timeout,1682941179,01/05/2023 11:39:00:390
GR003272,ground,auto_reset_agent,1682941179,01/05/2023 11:39:00:390
GR003272,ground,signup_no_sticker,1682941198,01/05/2023 11:39:00:390
GR003272,ground,reset_agent_by_user,1682941252,01/05/2023 11:40:00:400
GR003165,ground,periodic_goto_timeout,1682941341,01/05/2023 11:42:00:420
GR003165,ground,auto_reset_agent,1682941341,01/05/2023 11:42:00:420
GR003165,ground,read_data_matrix_timeout,1682941407,01/05/2023 11:43:00:430
GR003207,ground,missing_sticker,1682942416,01/05/2023 12:00:00:00
GR003158,ground,missing_sticker,1682943135,01/05/2023 12:12:00:120
GR003294,ground,turn_timeout,1682944361,01/05/2023 12:32:00:320
GR003294,ground,auto_reset_agent,1682944362,01/05/2023 12:32:00:320
GR003187,ground,missing_sticker,1682945241,01/05/2023 12:47:00:470
LR00002265,lift,conveyor_not_success_to_pull_the_tote_while_loading,1682945661,01/05/2023 12:54:00:540
GR003294,ground,periodic_goto_timeout,1682945824,01/05/2023 12:57:00:570
GR003294,ground,auto_reset_agent,1682945825,01/05/2023 12:57:00:570
GR003294,ground,robot_version_timeout,1682945855,01/05/2023 12:57:00:570
GR003294,ground,robot_version_timeout,1682945865,01/05/2023 12:57:00:570
GR003294,ground,robot_version_timeout,1682945875,01/05/2023 12:57:00:570
GR003294,ground,auto_reset_agent,1682945876,01/05/2023 12:57:00:570
GR003294,ground,offline,1682946130,01/05/2023 13:02:00:20
GR003195,ground,missing_sticker,1682946141,01/05/2023 13:02:00:20
GR003195,ground,robot_off_track,1682946142,01/05/2023 13:02:00:20
GR003195,ground,auto_reset_agent,1682946142,01/05/2023 13:02:00:20
GR003195,ground,following_y_error_during_movement,1682946158,01/05/2023 13:02:00:20
GR003195,ground,signup_no_sticker,1682946158,01/05/2023 13:02:00:20
LR00002265,lift,auto_reset_agent,1682946172,01/05/2023 13:02:00:20
GR003195,ground,signup_no_sticker,1682946345,01/05/2023 13:05:00:50
GR003195,ground,auto_reset_agent,1682946458,01/05/2023 13:07:00:70
GR003261,ground,corners_cv_started,1682946710,01/05/2023 13:11:00:110
GR003261,ground,turn_finished_off_sticker,1682946717,01/05/2023 13:11:00:110
GR003261,ground,signup_no_sticker,1682946718,01/05/2023 13:11:00:110
GR003195,ground,offline,1682946727,01/05/2023 13:12:00:120
GR003261,ground,auto_reset_agent,1682946798,01/05/2023 13:13:00:130
GR003258,ground,missing_sticker,1682947200,01/05/2023 13:20:00:200
GR003227,ground,turn_timeout,1682947393,01/05/2023 13:23:00:230
GR003227,ground,auto_reset_agent,1682947393,01/05/2023 13:23:00:230
GR003227,ground,read_data_matrix_timeout,1682947467,01/05/2023 13:24:00:240
GR003195,ground,signup_no_sticker,1682947992,01/05/2023 13:33:00:330
GR003195,ground,signup_no_sticker,1682948233,01/05/2023 13:37:00:370
GR003195,ground,signup_no_sticker,1682948473,01/05/2023 13:41:00:410
GR003195,ground,goto_finished_off_sticker,1682948673,01/05/2023 13:44:00:440
GR003195,ground,corners_cv_started,1682948673,01/05/2023 13:44:00:440
GR003195,ground,auto_reset_agent,1682948673,01/05/2023 13:44:00:440
GR003195,ground,offline,1682948932,01/05/2023 13:48:00:480
GR003266,ground,missing_sticker,1682948970,01/05/2023 13:49:00:490
GR003297,ground,missing_sticker,1682949185,01/05/2023 13:53:00:530
GR003227,ground,auto_reset_agent,1682949490,01/05/2023 13:58:00:580
GR003195,ground,reset_agent_by_user,1682949687,01/05/2023 14:01:00:10
GR003275,ground,missing_sticker,1682949820,01/05/2023 14:03:00:30
GR003227,ground,turn_timeout,1682951238,01/05/2023 14:27:00:270
GR003227,ground,auto_reset_agent,1682951241,01/05/2023 14:27:00:270
GR003195,ground,signup_no_sticker,1682951842,01/05/2023 14:37:00:370
GR003294,ground,turn_timeout,1682951870,01/05/2023 14:37:00:370
GR003294,ground,auto_reset_agent,1682951870,01/05/2023 14:37:00:370
GR003195,ground,reset_agent_by_user,1682951934,01/05/2023 14:38:00:380
GR003280,ground,missing_sticker,1682952002,01/05/2023 14:40:00:400
LR00002265,lift,plc_ack_timeout,1682952969,01/05/2023 14:56:00:560
GR003298,ground,goto_finished_off_sticker,1682953039,01/05/2023 14:57:00:570
GR003298,ground,corners_cv_started,1682953040,01/05/2023 14:57:00:570
GR003298,ground,turn_started_off_sticker,1682953041,01/05/2023 14:57:00:570
GR003298,ground,workaround_started,1682953042,01/05/2023 14:57:00:570
GR003298,ground,goto_finished_off_sticker,1682953043,01/05/2023 14:57:00:570
GR003298,ground,corners_cv_started,1682953043,01/05/2023 14:57:00:570
GR003298,ground,workaround_dismissed,1682953044,01/05/2023 14:57:00:570
GR003298,ground,workaround_failed,1682953046,01/05/2023 14:57:00:570
LR00002265,lift,auto_reset_agent,1682953066,01/05/2023 14:57:00:570
GR003237,ground,conflicting_tote_switch,1682953487,01/05/2023 15:04:00:40
GR003237,ground,auto_reset_agent,1682953489,01/05/2023 15:04:00:40
GR003156,ground,conflicting_tote_switch,1682953572,01/05/2023 15:06:00:60
GR003156,ground,auto_reset_agent,1682953575,01/05/2023 15:06:00:60
GR003199,ground,conflicting_tote_switch,1682953614,01/05/2023 15:06:00:60
GR003199,ground,auto_reset_agent,1682953617,01/05/2023 15:06:00:60
GR003245,ground,conflicting_tote_switch,1682953761,01/05/2023 15:09:00:90
GR003245,ground,auto_reset_agent,1682953764,01/05/2023 15:09:00:90
GR003260,ground,conflicting_tote_switch,1682953848,01/05/2023 15:10:00:100
GR003260,ground,auto_reset_agent,1682953852,01/05/2023 15:10:00:100
GR003240,ground,missing_sticker,1682953967,01/05/2023 15:12:00:120
GR003194,ground,conflicting_tote_switch,1682954385,01/05/2023 15:19:00:190
GR003194,ground,auto_reset_agent,1682954388,01/05/2023 15:19:00:190
GR003157,ground,conflicting_tote_switch,1682954431,01/05/2023 15:20:00:200
GR003261,ground,missing_sticker,1682954635,01/05/2023 15:23:00:230
GR003157,ground,auto_reset_agent,1682954727,01/05/2023 15:25:00:250
GR003276,ground,conflicting_tote_switch,1682954795,01/05/2023 15:26:00:260
GR003276,ground,auto_reset_agent,1682954797,01/05/2023 15:26:00:260
GR003067,ground,goto_finished_off_sticker,1682955447,01/05/2023 15:37:00:370
GR003067,ground,corners_cv_started,1682955448,01/05/2023 15:37:00:370
GR003067,ground,corners_cv_succeeded,1682955448,01/05/2023 15:37:00:370
GR003067,ground,corners_cv_started,1682955449,01/05/2023 15:37:00:370
GR003067,ground,turn_finished_off_sticker,1682955457,01/05/2023 15:37:00:370
GR003067,ground,signup_no_sticker,1682955457,01/05/2023 15:37:00:370
GR003270,ground,missing_sticker,1682955540,01/05/2023 15:39:00:390
GR003270,ground,missing_sticker,1682955540,01/05/2023 15:39:00:390
GR003270,ground,missing_stickers,1682955542,01/05/2023 15:39:00:390
GR003270,ground,signup_no_sticker,1682955542,01/05/2023 15:39:00:390
GR003067,ground,reset_agent_by_user,1682956431,01/05/2023 15:53:00:530
GR003270,ground,auto_reset_agent,1682956452,01/05/2023 15:54:00:540
GR003067,ground,auto_reset_agent,1682956550,01/05/2023 15:55:00:550
GR003067,ground,auto_reset_agent,1682956819,01/05/2023 16:00:00:00
GR003267,ground,goto_finished_off_sticker,1682956931,01/05/2023 16:02:00:20
GR003267,ground,corners_cv_started,1682956931,01/05/2023 16:02:00:20
GR003267,ground,corners_cv_succeeded,1682956932,01/05/2023 16:02:00:20
GR003067,ground,safety_entered,1682957213,01/05/2023 16:06:00:60
GR003067,ground,robot_restarted,1682957215,01/05/2023 16:06:00:60
GR003067,ground,auto_reset_agent,1682957215,01/05/2023 16:06:00:60
GR003067,ground,signup_bad_sticker,1682957347,01/05/2023 16:09:00:90
GR003186,ground,turn_timeout,1682957896,01/05/2023 16:18:00:180
GR003186,ground,auto_reset_agent,1682957898,01/05/2023 16:18:00:180
GR003287,ground,missing_sticker,1682958073,01/05/2023 16:21:00:210
GR003194,ground,goto_finished_off_sticker,1682958101,01/05/2023 16:21:00:210
GR003194,ground,corners_cv_started,1682958101,01/05/2023 16:21:00:210
GR003194,ground,goto_started_off_sticker,1682958115,01/05/2023 16:21:00:210
GR003194,ground,goto_finished_off_sticker,1682958119,01/05/2023 16:21:00:210
GR003194,ground,corners_cv_started,1682958119,01/05/2023 16:21:00:210
GR003194,ground,turn_started_off_sticker,1682958121,01/05/2023 16:22:00:220
GR003194,ground,workaround_started,1682958121,01/05/2023 16:22:00:220
GR003194,ground,goto_finished_off_sticker,1682958122,01/05/2023 16:22:00:220
GR003194,ground,corners_cv_started,1682958122,01/05/2023 16:22:00:220
GR003194,ground,workaround_failed,1682958124,01/05/2023 16:22:00:220
GR003194,ground,signup_no_sticker,1682958124,01/05/2023 16:22:00:220
GR003282,ground,robot_off_track,1682958126,01/05/2023 16:22:00:220
GR003282,ground,auto_reset_agent,1682958126,01/05/2023 16:22:00:220
GR003282,ground,signup_no_sticker,1682958146,01/05/2023 16:22:00:220
GR003194,ground,reset_agent_by_user,1682958180,01/05/2023 16:23:00:230
GR003194,ground,signup_no_sticker,1682958201,01/05/2023 16:23:00:230
GR003194,ground,auto_reset_agent,1682958236,01/05/2023 16:23:00:230
GR003194,ground,signup_no_sticker,1682958241,01/05/2023 16:24:00:240
GR003165,ground,robot_restarted,1682958334,01/05/2023 16:25:00:250
GR003165,ground,auto_reset_agent,1682958334,01/05/2023 16:25:00:250
GR003031,ground,missing_sticker,1682958339,01/05/2023 16:25:00:250
GR003031,ground,goto_finished_off_sticker,1682958342,01/05/2023 16:25:00:250
GR003031,ground,corners_cv_started,1682958342,01/05/2023 16:25:00:250
GR003031,ground,goto_started_off_sticker,1682958342,01/05/2023 16:25:00:250
GR003031,ground,missing_sticker,1682958345,01/05/2023 16:25:00:250
GR003031,ground,robot_off_track,1682958345,01/05/2023 16:25:00:250
GR003031,ground,auto_reset_agent,1682958345,01/05/2023 16:25:00:250
GR003031,ground,following_y_error_during_movement,1682958367,01/05/2023 16:26:00:260
GR003031,ground,signup_no_sticker,1682958367,01/05/2023 16:26:00:260
GR003098,ground,goto_finished_off_sticker,1682958375,01/05/2023 16:26:00:260
GR003098,ground,corners_cv_started,1682958375,01/05/2023 16:26:00:260
GR003098,ground,goto_started_off_sticker,1682958401,01/05/2023 16:26:00:260
GR003098,ground,missing_sticker,1682958402,01/05/2023 16:26:00:260
GR003282,ground,reset_agent_by_user,1682958410,01/05/2023 16:26:00:260
GR003284,ground,goto_finished_off_sticker,1682958412,01/05/2023 16:26:00:260
GR003284,ground,corners_cv_started,1682958412,01/05/2023 16:26:00:260
GR003284,ground,turn_started_off_sticker,1682958414,01/05/2023 16:26:00:260
GR003098,ground,missing_sticker,1682958414,01/05/2023 16:26:00:260
GR003284,ground,workaround_started,1682958415,01/05/2023 16:26:00:260
GR003284,ground,goto_finished_off_sticker,1682958416,01/05/2023 16:26:00:260
GR003284,ground,corners_cv_started,1682958416,01/05/2023 16:26:00:260
GR003284,ground,workaround_failed,1682958418,01/05/2023 16:26:00:260
GR003284,ground,signup_no_sticker,1682958418,01/05/2023 16:26:00:260
GR003098,ground,get_errors_timeout,1682958424,01/05/2023 16:27:00:270
GR003098,ground,auto_reset_agent,1682958424,01/05/2023 16:27:00:270
GR003098,ground,get_errors_timeout,1682958460,01/05/2023 16:27:00:270
GR003098,ground,auto_reset_agent,1682958460,01/05/2023 16:27:00:270
GR003098,ground,get_errors_timeout,1682958480,01/05/2023 16:28:00:280
GR003098,ground,auto_reset_agent,1682958481,01/05/2023 16:28:00:280
GR003098,ground,get_errors_timeout,1682958497,01/05/2023 16:28:00:280
GR003098,ground,auto_reset_agent,1682958497,01/05/2023 16:28:00:280
GR003098,ground,get_errors_timeout,1682958517,01/05/2023 16:28:00:280
GR003098,ground,auto_reset_agent,1682958517,01/05/2023 16:28:00:280
GR003098,ground,get_errors_timeout,1682958531,01/05/2023 16:28:00:280
GR003098,ground,auto_reset_agent,1682958531,01/05/2023 16:28:00:280
GR003098,ground,get_errors_timeout,1682958546,01/05/2023 16:29:00:290
GR003098,ground,auto_reset_agent,1682958546,01/05/2023 16:29:00:290
GR003282,ground,reset_agent_by_user,1682958564,01/05/2023 16:29:00:290
GR003098,ground,get_errors_timeout,1682958569,01/05/2023 16:29:00:290
GR003098,ground,auto_reset_agent,1682958569,01/05/2023 16:29:00:290
GR003031,ground,signup_no_sticker,1682958601,01/05/2023 16:30:00:300
GR003200,ground,missing_sticker,1682958604,01/05/2023 16:30:00:300
GR003098,ground,get_errors_timeout,1682958608,01/05/2023 16:30:00:300
GR003098,ground,auto_reset_agent,1682958608,01/05/2023 16:30:00:300
GR003137,ground,missing_sticker,1682958613,01/05/2023 16:30:00:300
GR003137,ground,missing_sticker,1682958614,01/05/2023 16:30:00:300
GR003137,ground,missing_stickers,1682958619,01/05/2023 16:30:00:300
GR003098,ground,get_errors_timeout,1682958623,01/05/2023 16:30:00:300
GR003098,ground,auto_reset_agent,1682958624,01/05/2023 16:30:00:300
GR003098,ground,get_errors_timeout,1682958641,01/05/2023 16:30:00:300
GR003098,ground,auto_reset_agent,1682958641,01/05/2023 16:30:00:300
GR003098,ground,get_errors_timeout,1682958661,01/05/2023 16:31:00:310
GR003098,ground,auto_reset_agent,1682958662,01/05/2023 16:31:00:310
GR003137,ground,read_data_matrix_timeout,1682958664,01/05/2023 16:31:00:310
GR003137,ground,signup_no_sticker,1682958664,01/05/2023 16:31:00:310
GR003098,ground,get_errors_timeout,1682958683,01/05/2023 16:31:00:310
GR003098,ground,auto_reset_agent,1682958683,01/05/2023 16:31:00:310
GR003227,ground,periodic_goto_timeout,1682958702,01/05/2023 16:31:00:310
GR003098,ground,get_errors_timeout,1682958702,01/05/2023 16:31:00:310
GR003227,ground,auto_reset_agent,1682958702,01/05/2023 16:31:00:310
GR003098,ground,auto_reset_agent,1682958702,01/05/2023 16:31:00:310
GR003098,ground,get_errors_timeout,1682958739,01/05/2023 16:32:00:320
GR003098,ground,auto_reset_agent,1682958740,01/05/2023 16:32:00:320
GR003098,ground,get_errors_timeout,1682958753,01/05/2023 16:32:00:320
GR003098,ground,auto_reset_agent,1682958753,01/05/2023 16:32:00:320
GR003227,ground,read_data_matrix_timeout,1682958768,01/05/2023 16:32:00:320
GR003098,ground,get_errors_timeout,1682958773,01/05/2023 16:32:00:320
GR003098,ground,auto_reset_agent,1682958773,01/05/2023 16:32:00:320
GR003098,ground,get_errors_timeout,1682958793,01/05/2023 16:33:00:330
GR003098,ground,auto_reset_agent,1682958800,01/05/2023 16:33:00:330
GR003294,ground,periodic_goto_timeout,1682958827,01/05/2023 16:33:00:330
GR003294,ground,auto_reset_agent,1682958827,01/05/2023 16:33:00:330
GR003098,ground,get_errors_timeout,1682958831,01/05/2023 16:33:00:330
GR003098,ground,auto_reset_agent,1682958831,01/05/2023 16:33:00:330
GR003031,ground,signup_no_sticker,1682958846,01/05/2023 16:34:00:340
GR003098,ground,get_errors_timeout,1682958862,01/05/2023 16:34:00:340
GR003098,ground,auto_reset_agent,1682958862,01/05/2023 16:34:00:340
GR003098,ground,get_errors_timeout,1682958880,01/05/2023 16:34:00:340
GR003098,ground,auto_reset_agent,1682958880,01/05/2023 16:34:00:340
GR003275,ground,robot_restarted,1682958891,01/05/2023 16:34:00:340
GR003275,ground,auto_reset_agent,1682958892,01/05/2023 16:34:00:340
GR003098,ground,get_errors_timeout,1682958898,01/05/2023 16:34:00:340
GR003098,ground,auto_reset_agent,1682958898,01/05/2023 16:34:00:340
GR003098,ground,get_errors_timeout,1682958922,01/05/2023 16:35:00:350
GR003098,ground,auto_reset_agent,1682958922,01/05/2023 16:35:00:350
GR003098,ground,get_errors_timeout,1682958941,01/05/2023 16:35:00:350
GR003098,ground,auto_reset_agent,1682958942,01/05/2023 16:35:00:350
GR003098,ground,get_errors_timeout,1682958954,01/05/2023 16:35:00:350
GR003098,ground,auto_reset_agent,1682958954,01/05/2023 16:35:00:350
GR003194,ground,safety_entered,1682958964,01/05/2023 16:36:00:360
GR003194,ground,imu_crash_detected,1682958965,01/05/2023 16:36:00:360
GR003098,ground,get_errors_timeout,1682958972,01/05/2023 16:36:00:360
GR003098,ground,auto_reset_agent,1682958972,01/05/2023 16:36:00:360
GR003221,ground,goto_finished_off_sticker,1682958979,01/05/2023 16:36:00:360
GR003221,ground,corners_cv_started,1682958979,01/05/2023 16:36:00:360
GR003137,ground,safety_entered,1682958980,01/05/2023 16:36:00:360
GR003221,ground,turn_started_off_sticker,1682958981,01/05/2023 16:36:00:360
GR003221,ground,workaround_started,1682958981,01/05/2023 16:36:00:360
GR003137,ground,robot_off_track,1682958982,01/05/2023 16:36:00:360
GR003137,ground,auto_reset_agent,1682958982,01/05/2023 16:36:00:360
GR003221,ground,goto_finished_off_sticker,1682958983,01/05/2023 16:36:00:360
GR003221,ground,corners_cv_started,1682958983,01/05/2023 16:36:00:360
GR003221,ground,workaround_failed,1682958984,01/05/2023 16:36:00:360
GR003221,ground,signup_no_sticker,1682958984,01/05/2023 16:36:00:360
GR003098,ground,get_errors_timeout,1682958987,01/05/2023 16:36:00:360
GR003098,ground,auto_reset_agent,1682958987,01/05/2023 16:36:00:360
GR003194,ground,read_data_matrix_timeout,1682959010,01/05/2023 16:36:00:360
GR003098,ground,get_errors_timeout,1682959013,01/05/2023 16:36:00:360
GR003098,ground,auto_reset_agent,1682959013,01/05/2023 16:36:00:360
GR003137,ground,robot_off_track,1682959028,01/05/2023 16:37:00:370
GR003137,ground,auto_reset_agent,1682959029,01/05/2023 16:37:00:370
GR003137,ground,signup_no_sticker,1682959032,01/05/2023 16:37:00:370
GR003031,ground,signup_no_sticker,1682959033,01/05/2023 16:37:00:370
GR003137,ground,missing_stickers,1682959039,01/05/2023 16:37:00:370
GR003106,ground,missing_sticker,1682959041,01/05/2023 16:37:00:370
GR003106,ground,missing_sticker,1682959042,01/05/2023 16:37:00:370
GR003106,ground,missing_stickers,1682959051,01/05/2023 16:37:00:370
GR003137,ground,read_data_matrix_timeout,1682959084,01/05/2023 16:38:00:380
GR003106,ground,read_data_matrix_timeout,1682959096,01/05/2023 16:38:00:380
GR003106,ground,signup_no_sticker,1682959096,01/05/2023 16:38:00:380
GR003106,ground,safety_entered,1682959102,01/05/2023 16:38:00:380
GR003137,ground,safety_entered,1682959111,01/05/2023 16:38:00:380
GR003106,ground,robot_location_unknown,1682959114,01/05/2023 16:38:00:380
GR003106,ground,auto_reset_agent,1682959115,01/05/2023 16:38:00:380
GR003031,ground,safety_entered,1682959128,01/05/2023 16:38:00:380
GR003031,ground,get_errors_timeout,1682959153,01/05/2023 16:39:00:390
GR003031,ground,auto_reset_agent,1682959154,01/05/2023 16:39:00:390
GR003284,ground,safety_entered,1682959165,01/05/2023 16:39:00:390
GR003137,ground,read_data_matrix_timeout,1682959174,01/05/2023 16:39:00:390
GR003031,ground,code_exception,1682959239,01/05/2023 16:40:00:400
GR003284,ground,corners_cv_started,1682959270,01/05/2023 16:41:00:410
GR003031,ground,ground_not_responding,1682959300,01/05/2023 16:41:00:410
GR003284,ground,ground_not_responding,1682959337,01/05/2023 16:42:00:420
GR003031,ground,signup_no_sticker,1682959373,01/05/2023 16:42:00:420
GR003284,ground,safety_entered,1682959424,01/05/2023 16:43:00:430
GR003031,ground,safety_entered,1682959435,01/05/2023 16:43:00:430
GR003284,ground,auto_reset_agent,1682959544,01/05/2023 16:45:00:450
GR003090,ground,robot_off_track,1682959644,01/05/2023 16:47:00:470
GR003090,ground,auto_reset_agent,1682959644,01/05/2023 16:47:00:470
GR003090,ground,following_y_error_during_movement,1682959664,01/05/2023 16:47:00:470
GR003090,ground,signup_no_sticker,1682959665,01/05/2023 16:47:00:470
LR00002113,lift,auto_reset_agent,1682959711,01/05/2023 16:48:00:480
LR00002120,lift,auto_reset_agent,1682959713,01/05/2023 16:48:00:480
LR00002282,lift,auto_reset_agent,1682959715,01/05/2023 16:48:00:480
LR00002267,lift,auto_reset_agent,1682959717,01/05/2023 16:48:00:480
LR00002288,lift,auto_reset_agent,1682959718,01/05/2023 16:48:00:480
GR003221,ground,safety_entered,1682960214,01/05/2023 16:56:00:560
GR003221,ground,missing_sticker,1682960216,01/05/2023 16:56:00:560
GR003090,ground,safety_entered,1682960238,01/05/2023 16:57:00:570
GR003090,ground,robot_restarted,1682960238,01/05/2023 16:57:00:570
GR003090,ground,auto_reset_agent,1682960238,01/05/2023 16:57:00:570
GR003090,ground,reset_agent_by_user,1682960287,01/05/2023 16:58:00:580
GR003221,ground,reset_agent_by_user,1682960292,01/05/2023 16:58:00:580
LR00002111,lift,auto_reset_agent,1682960990,01/05/2023 17:09:00:90
LR00002254,lift,auto_reset_agent,1682960992,01/05/2023 17:09:00:90
LR00002287,lift,auto_reset_agent,1682960993,01/05/2023 17:09:00:90
LR00002100,lift,auto_reset_agent,1682960995,01/05/2023 17:09:00:90
LR00002111,lift,auto_reset_agent,1682961053,01/05/2023 17:10:00:100
GR003227,ground,periodic_goto_timeout,1682963837,01/05/2023 17:57:00:570
GR003227,ground,auto_reset_agent,1682963837,01/05/2023 17:57:00:570
GR003156,ground,ground_not_responding,1682964472,01/05/2023 18:07:00:70
GR003156,ground,robot_restarted,1682964490,01/05/2023 18:08:00:80
GR003156,ground,auto_reset_agent,1682964490,01/05/2023 18:08:00:80
GR003282,ground,auto_reset_agent,1682967992,01/05/2023 19:06:00:60
GR003297,ground,goto_finished_off_sticker,1682968002,01/05/2023 19:06:00:60
GR003297,ground,corners_cv_started,1682968002,01/05/2023 19:06:00:60
GR003227,ground,reset_agent_by_user,1682968094,01/05/2023 19:08:00:80
LR00002166,lift,reset_agent_by_user,1682968121,01/05/2023 19:08:00:80
LR00002166,lift,not_allowed_new_target_in_both_axes_y_and_z,1682968156,01/05/2023 19:09:00:90
LR00002166,lift,reset_agent_by_user,1682968165,01/05/2023 19:09:00:90
LR00002166,lift,no_current_while_charging,1682968234,01/05/2023 19:10:00:100
LR00002166,lift,reset_agent_by_user,1682968307,01/05/2023 19:11:00:110
LR00002166,lift,reset_agent_by_user,1682968418,01/05/2023 19:13:00:130
GR003141,ground,goto_finished_off_sticker,1682968434,01/05/2023 19:13:00:130
GR003141,ground,corners_cv_started,1682968434,01/05/2023 19:13:00:130
GR003141,ground,goto_started_off_sticker,1682968497,01/05/2023 19:14:00:140
LR00002166,lift,reset_agent_by_user,1682968565,01/05/2023 19:16:00:160
GR003212,ground,goto_finished_off_sticker,1682968622,01/05/2023 19:17:00:170
GR003212,ground,corners_cv_started,1682968622,01/05/2023 19:17:00:170
GR003212,ground,corners_cv_succeeded,1682968622,01/05/2023 19:17:00:170
GR003264,ground,goto_finished_off_sticker,1682968671,01/05/2023 19:17:00:170
GR003264,ground,corners_cv_started,1682968671,01/05/2023 19:17:00:170
GR003264,ground,goto_started_off_sticker,1682968693,01/05/2023 19:18:00:180
GR003051,ground,goto_finished_off_sticker,1682968698,01/05/2023 19:18:00:180
GR003051,ground,corners_cv_started,1682968698,01/05/2023 19:18:00:180
GR003051,ground,goto_started_off_sticker,1682968711,01/05/2023 19:18:00:180
GR003158,ground,goto_finished_off_sticker,1682968725,01/05/2023 19:18:00:180
GR003158,ground,corners_cv_started,1682968726,01/05/2023 19:18:00:180
GR003215,ground,goto_finished_off_sticker,1682968753,01/05/2023 19:19:00:190
GR003215,ground,corners_cv_started,1682968753,01/05/2023 19:19:00:190
GR003215,ground,goto_started_off_sticker,1682968783,01/05/2023 19:19:00:190
GR003186,ground,goto_finished_off_sticker,1682968787,01/05/2023 19:19:00:190
GR003186,ground,corners_cv_started,1682968787,01/05/2023 19:19:00:190
GR003171,ground,goto_finished_off_sticker,1682968810,01/05/2023 19:20:00:200
GR003171,ground,corners_cv_started,1682968810,01/05/2023 19:20:00:200
GR003171,ground,goto_started_off_sticker,1682968911,01/05/2023 19:21:00:210
GR003243,ground,goto_finished_off_sticker,1682968915,01/05/2023 19:21:00:210
GR003243,ground,corners_cv_started,1682968915,01/05/2023 19:21:00:210
GR003243,ground,goto_started_off_sticker,1682968917,01/05/2023 19:21:00:210
GR003156,ground,goto_finished_off_sticker,1682968922,01/05/2023 19:22:00:220
GR003156,ground,corners_cv_started,1682968923,01/05/2023 19:22:00:220
GR003156,ground,corners_cv_succeeded,1682968923,01/05/2023 19:22:00:220
GR003202,ground,goto_finished_off_sticker,1682968948,01/05/2023 19:22:00:220
GR003202,ground,corners_cv_started,1682968948,01/05/2023 19:22:00:220
GR003202,ground,corners_cv_succeeded,1682968948,01/05/2023 19:22:00:220
GR003202,ground,corners_cv_irrelevant,1682968948,01/05/2023 19:22:00:220
GR003294,ground,turn_timeout,1682969020,01/05/2023 19:23:00:230
GR003294,ground,auto_reset_agent,1682969021,01/05/2023 19:23:00:230
GR003294,ground,read_data_matrix_timeout,1682969094,01/05/2023 19:24:00:240
GR003202,ground,goto_started_off_sticker,1682970519,01/05/2023 19:48:00:480
GR003082,ground,goto_finished_off_sticker,1682970523,01/05/2023 19:48:00:480
GR003082,ground,corners_cv_started,1682970524,01/05/2023 19:48:00:480
GR003082,ground,corners_cv_succeeded,1682970524,01/05/2023 19:48:00:480
GR003185,ground,goto_finished_off_sticker,1682970554,01/05/2023 19:49:00:490
GR003185,ground,corners_cv_started,1682970554,01/05/2023 19:49:00:490
GR003185,ground,goto_started_off_sticker,1682970554,01/05/2023 19:49:00:490
GR003185,ground,corners_cv_succeeded,1682970554,01/05/2023 19:49:00:490
GR003185,ground,corners_cv_irrelevant,1682970555,01/05/2023 19:49:00:490
GR003242,ground,goto_finished_off_sticker,1682970560,01/05/2023 19:49:00:490
GR003242,ground,corners_cv_started,1682970560,01/05/2023 19:49:00:490
GR003242,ground,goto_started_off_sticker,1682970560,01/05/2023 19:49:00:490
GR003179,ground,goto_finished_off_sticker,1682970770,01/05/2023 19:52:00:520
GR003179,ground,corners_cv_started,1682970770,01/05/2023 19:52:00:520
GR003179,ground,corners_cv_succeeded,1682970770,01/05/2023 19:52:00:520
GR003179,ground,corners_cv_irrelevant,1682970770,01/05/2023 19:52:00:520
GR003179,ground,goto_started_off_sticker,1682970800,01/05/2023 19:53:00:530
GR003284,ground,goto_finished_off_sticker,1682970981,01/05/2023 19:56:00:560
GR003284,ground,corners_cv_started,1682970981,01/05/2023 19:56:00:560
GR003284,ground,corners_cv_succeeded,1682970981,01/05/2023 19:56:00:560
GR003102,ground,goto_finished_off_sticker,1682971069,01/05/2023 19:57:00:570
GR003102,ground,corners_cv_started,1682971069,01/05/2023 19:57:00:570
GR003102,ground,corners_cv_succeeded,1682971069,01/05/2023 19:57:00:570
GR003102,ground,corners_cv_irrelevant,1682971069,01/05/2023 19:57:00:570
GR003102,ground,goto_started_off_sticker,1682971071,01/05/2023 19:57:00:570
GR003102,ground,missing_sticker,1682971072,01/05/2023 19:57:00:570
GR003102,ground,goto_finished_off_sticker,1682971141,01/05/2023 19:59:00:590
GR003102,ground,corners_cv_started,1682971141,01/05/2023 19:59:00:590
GR003102,ground,goto_started_off_sticker,1682971144,01/05/2023 19:59:00:590
GR003102,ground,missing_sticker,1682971145,01/05/2023 19:59:00:590
GR003102,ground,goto_finished_off_sticker,1682971229,01/05/2023 20:00:00:00
GR003102,ground,corners_cv_started,1682971229,01/05/2023 20:00:00:00
GR003102,ground,goto_started_off_sticker,1682971256,01/05/2023 20:00:00:00
GR003229,ground,goto_finished_off_sticker,1682971384,01/05/2023 20:03:00:30
GR003229,ground,corners_cv_started,1682971384,01/05/2023 20:03:00:30
GR003229,ground,corners_cv_succeeded,1682971384,01/05/2023 20:03:00:30
GR003229,ground,corners_cv_irrelevant,1682971385,01/05/2023 20:03:00:30
GR003229,ground,goto_started_off_sticker,1682971565,01/05/2023 20:06:00:60
GR003229,ground,missing_sticker,1682971566,01/05/2023 20:06:00:60
GR003067,ground,goto_finished_off_sticker,1682971570,01/05/2023 20:06:00:60
GR003067,ground,corners_cv_started,1682971570,01/05/2023 20:06:00:60
GR003067,ground,goto_started_off_sticker,1682971639,01/05/2023 20:07:00:70
GR003181,ground,goto_finished_off_sticker,1682971644,01/05/2023 20:07:00:70
GR003181,ground,corners_cv_started,1682971644,01/05/2023 20:07:00:70
GR003181,ground,corners_cv_succeeded,1682971645,01/05/2023 20:07:00:70
GR003181,ground,corners_cv_irrelevant,1682971645,01/05/2023 20:07:00:70
GR003181,ground,goto_started_off_sticker,1682971720,01/05/2023 20:08:00:80
GR003252,ground,goto_finished_off_sticker,1682971726,01/05/2023 20:08:00:80
GR003252,ground,corners_cv_started,1682971726,01/05/2023 20:08:00:80
GR003252,ground,corners_cv_succeeded,1682971726,01/05/2023 20:08:00:80
GR003252,ground,corners_cv_irrelevant,1682971726,01/05/2023 20:08:00:80
GR003252,ground,goto_started_off_sticker,1682971761,01/05/2023 20:09:00:90
GR003199,ground,goto_finished_off_sticker,1682971767,01/05/2023 20:09:00:90
GR003199,ground,corners_cv_started,1682971767,01/05/2023 20:09:00:90
GR003199,ground,corners_cv_succeeded,1682971767,01/05/2023 20:09:00:90
GR003199,ground,corners_cv_irrelevant,1682971767,01/05/2023 20:09:00:90
GR003199,ground,goto_started_off_sticker,1682971831,01/05/2023 20:10:00:100
GR003165,ground,turn_timeout,1682971834,01/05/2023 20:10:00:100
GR003165,ground,auto_reset_agent,1682971836,01/05/2023 20:10:00:100
GR003298,ground,goto_finished_off_sticker,1682971889,01/05/2023 20:11:00:110
GR003298,ground,corners_cv_started,1682971889,01/05/2023 20:11:00:110
GR003298,ground,goto_started_off_sticker,1682971914,01/05/2023 20:11:00:110
GR003298,ground,missing_sticker,1682971915,01/05/2023 20:11:00:110
GR003083,ground,goto_finished_off_sticker,1682971920,01/05/2023 20:12:00:120
GR003083,ground,corners_cv_started,1682971920,01/05/2023 20:12:00:120
GR003083,ground,goto_started_off_sticker,1682971941,01/05/2023 20:12:00:120
GR003199,ground,goto_finished_off_sticker,1682972024,01/05/2023 20:13:00:130
GR003199,ground,corners_cv_started,1682972024,01/05/2023 20:13:00:130
GR003295,ground,goto_finished_off_sticker,1682972255,01/05/2023 20:17:00:170
GR003295,ground,corners_cv_started,1682972255,01/05/2023 20:17:00:170
GR003295,ground,corners_cv_succeeded,1682972255,01/05/2023 20:17:00:170
GR003158,ground,goto_finished_off_sticker,1682972363,01/05/2023 20:19:00:190
GR003158,ground,corners_cv_started,1682972363,01/05/2023 20:19:00:190
GR003158,ground,goto_started_off_sticker,1682972405,01/05/2023 20:20:00:200
GR003227,ground,auto_reset_agent,1682972427,01/05/2023 20:20:00:200
GR003260,ground,goto_finished_off_sticker,1682972436,01/05/2023 20:20:00:200
GR003260,ground,corners_cv_started,1682972436,01/05/2023 20:20:00:200
GR003260,ground,corners_cv_succeeded,1682972436,01/05/2023 20:20:00:200
GR003260,ground,corners_cv_irrelevant,1682972436,01/05/2023 20:20:00:200
GR003260,ground,goto_started_off_sticker,1682972518,01/05/2023 20:21:00:210
GR003062,ground,goto_finished_off_sticker,1682972522,01/05/2023 20:22:00:220
GR003062,ground,corners_cv_started,1682972522,01/05/2023 20:22:00:220
GR003062,ground,corners_cv_succeeded,1682972522,01/05/2023 20:22:00:220
GR003062,ground,corners_cv_irrelevant,1682972522,01/05/2023 20:22:00:220
GR003275,ground,turn_timeout,1682972571,01/05/2023 20:22:00:220
GR003062,ground,goto_started_off_sticker,1682972572,01/05/2023 20:22:00:220
GR003275,ground,auto_reset_agent,1682972573,01/05/2023 20:22:00:220
GR003062,ground,missing_sticker,1682972573,01/05/2023 20:22:00:220
GR003161,ground,goto_finished_off_sticker,1682972578,01/05/2023 20:22:00:220
GR003161,ground,corners_cv_started,1682972578,01/05/2023 20:22:00:220
GR003161,ground,goto_started_off_sticker,1682972640,01/05/2023 20:24:00:240
GR003176,ground,goto_finished_off_sticker,1682972644,01/05/2023 20:24:00:240
GR003176,ground,corners_cv_started,1682972645,01/05/2023 20:24:00:240
GR003206,ground,reset_agent_by_user,1682972651,01/05/2023 20:24:00:240
GR003176,ground,goto_started_off_sticker,1682972668,01/05/2023 20:24:00:240
GR003206,ground,tote_mismatch_error,1682972706,01/05/2023 20:25:00:250
GR003264,ground,goto_finished_off_sticker,1682972707,01/05/2023 20:25:00:250
GR003264,ground,corners_cv_started,1682972707,01/05/2023 20:25:00:250
GR003264,ground,goto_started_off_sticker,1682972715,01/05/2023 20:25:00:250
GR003154,ground,goto_finished_off_sticker,1682972762,01/05/2023 20:26:00:260
GR003154,ground,corners_cv_started,1682972762,01/05/2023 20:26:00:260
GR003154,ground,corners_cv_succeeded,1682972764,01/05/2023 20:26:00:260
GR003154,ground,corners_cv_irrelevant,1682972764,01/05/2023 20:26:00:260
GR003154,ground,goto_started_off_sticker,1682972792,01/05/2023 20:26:00:260
GR003177,ground,goto_finished_off_sticker,1682972875,01/05/2023 20:27:00:270
GR003177,ground,corners_cv_started,1682972875,01/05/2023 20:27:00:270
GR003177,ground,corners_cv_succeeded,1682972875,01/05/2023 20:27:00:270
GR003177,ground,corners_cv_irrelevant,1682972875,01/05/2023 20:27:00:270
GR003177,ground,goto_started_off_sticker,1682972936,01/05/2023 20:28:00:280
GR003177,ground,missing_sticker,1682972937,01/05/2023 20:28:00:280
GR003190,ground,goto_finished_off_sticker,1682972940,01/05/2023 20:29:00:290
GR003190,ground,corners_cv_started,1682972940,01/05/2023 20:29:00:290
GR003190,ground,corners_cv_succeeded,1682972941,01/05/2023 20:29:00:290
GR003190,ground,corners_cv_irrelevant,1682972941,01/05/2023 20:29:00:290
GR003206,ground,auto_reset_agent,1682972964,01/05/2023 20:29:00:290
GR003190,ground,goto_started_off_sticker,1682973070,01/05/2023 20:31:00:310
GR003242,ground,goto_finished_off_sticker,1682973766,01/05/2023 20:42:00:420
GR003242,ground,corners_cv_started,1682973766,01/05/2023 20:42:00:420
GR003242,ground,goto_started_off_sticker,1682973798,01/05/2023 20:43:00:430
GR003275,ground,turn_timeout,1682974000,01/05/2023 20:46:00:460
GR003275,ground,auto_reset_agent,1682974000,01/05/2023 20:46:00:460
GR003275,ground,robot_version_timeout,1682974027,01/05/2023 20:47:00:470
GR003275,ground,read_data_matrix_timeout,1682974079,01/05/2023 20:47:00:470
GR003250,ground,missing_sticker,1682974375,01/05/2023 20:52:00:520
LR00002114,lift,driver_error,1682976340,01/05/2023 21:25:00:250
GR003298,ground,goto_finished_off_sticker,1682976855,01/05/2023 21:34:00:340
GR003298,ground,corners_cv_started,1682976856,01/05/2023 21:34:00:340
GR003298,ground,corners_cv_succeeded,1682976857,01/05/2023 21:34:00:340
LR00002254,lift,reset_agent_by_user,1682977202,01/05/2023 21:40:00:400
GR003165,ground,periodic_goto_timeout,1682978172,01/05/2023 21:56:00:560
GR003165,ground,auto_reset_agent,1682978172,01/05/2023 21:56:00:560
LR00002114,lift,auto_reset_agent,1682978193,01/05/2023 21:56:00:560
LR00002114,lift,conveyor_not_success_to_pull_the_tote_to_the_outer_sensor_while_loading,1682978571,01/05/2023 22:02:00:20
GR003280,ground,goto_finished_off_sticker,1682978716,01/05/2023 22:05:00:50
GR003280,ground,corners_cv_started,1682978716,01/05/2023 22:05:00:50
GR003212,ground,missing_sticker,1682978761,01/05/2023 22:06:00:60
LR00002221,lift,auto_reset_agent,1682978860,01/05/2023 22:07:00:70
LR00002221,lift,auto_reset_agent,1682979250,01/05/2023 22:14:00:140
LR00002221,lift,auto_reset_agent,1682979623,01/05/2023 22:20:00:200
GR003165,ground,periodic_goto_timeout,1682979887,01/05/2023 22:24:00:240
GR003165,ground,auto_reset_agent,1682979888,01/05/2023 22:24:00:240
GR003165,ground,read_data_matrix_timeout,1682979954,01/05/2023 22:25:00:250
LR00002221,lift,auto_reset_agent,1682979972,01/05/2023 22:26:00:260
LR00002114,lift,auto_reset_agent,1682980076,01/05/2023 22:27:00:270
LR00002114,lift,driver_error,1682980104,01/05/2023 22:28:00:280
LR00002114,lift,lift_not_responding,1682981477,01/05/2023 22:51:00:510
LR00002114,lift,auto_reset_agent,1682982193,01/05/2023 23:03:00:30
LR00002114,lift,driver_error,1682982723,01/05/2023 23:12:00:120
LR00002288,lift,actuator_can_not_lock,1682983052,01/05/2023 23:17:00:170
LR00002087,lift,auto_reset_agent,1682983794,01/05/2023 23:29:00:290
LR00002087,lift,reset_agent_by_user,1682983914,01/05/2023 23:31:00:310
LR00002221,lift,auto_reset_agent,1682984011,01/05/2023 23:33:00:330
LR00002093,lift,auto_reset_agent,1682984013,01/05/2023 23:33:00:330
LR00002265,lift,auto_reset_agent,1682984016,01/05/2023 23:33:00:330
LR00002114,lift,robot_off_track,1682984032,01/05/2023 23:33:00:330
LR00002114,lift,auto_reset_agent,1682984032,01/05/2023 23:33:00:330
GR003230,ground,reset_agent_by_user,1682984081,01/05/2023 23:34:00:340
GR003172,ground,reset_agent_by_user,1682984083,01/05/2023 23:34:00:340
GR003031,ground,reset_agent_by_user,1682984087,01/05/2023 23:34:00:340
GR003051,ground,reset_agent_by_user,1682984088,01/05/2023 23:34:00:340
LR00002087,lift,auto_reset_agent,1682984095,01/05/2023 23:34:00:340
GR003297,ground,goto_finished_off_sticker,1682984248,01/05/2023 23:37:00:370
GR003297,ground,corners_cv_started,1682984248,01/05/2023 23:37:00:370
GR003297,ground,goto_started_off_sticker,1682984344,01/05/2023 23:39:00:390
GR003215,ground,goto_finished_off_sticker,1682984349,01/05/2023 23:39:00:390
GR003215,ground,corners_cv_started,1682984350,01/05/2023 23:39:00:390
GR003137,ground,reset_agent_by_user,1682984397,01/05/2023 23:39:00:390
GR003277,ground,goto_finished_off_sticker,1682984415,01/05/2023 23:40:00:400
GR003277,ground,corners_cv_started,1682984416,01/05/2023 23:40:00:400
GR003137,ground,reset_agent_by_user,1682984428,01/05/2023 23:40:00:400
LR00002288,lift,auto_reset_agent,1682984605,01/05/2023 23:43:00:430
GR003275,ground,periodic_goto_timeout,1682984715,01/05/2023 23:45:00:450
GR003275,ground,auto_reset_agent,1682984716,01/05/2023 23:45:00:450
GR003275,ground,blink_on_sticker_timeout,1682984748,01/05/2023 23:45:00:450
LR00002288,lift,actuator_can_not_lock,1682984855,01/05/2023 23:47:00:470
LR00002288,lift,reset_agent_by_user,1682985030,01/05/2023 23:50:00:500
GR003227,ground,turn_timeout,1682986433,02/05/2023 00:13:00:130
GR003227,ground,auto_reset_agent,1682986435,02/05/2023 00:13:00:130
GR003227,ground,auto_reset_agent,1682987777,02/05/2023 00:36:00:360
GR003242,ground,missing_sticker,1682989486,02/05/2023 01:04:00:40
GR003171,ground,auto_reset_agent,1682990322,02/05/2023 01:18:00:180
GR003244,ground,safety_entered,1682991179,02/05/2023 01:32:00:320
GR003244,ground,robot_restarted,1682991180,02/05/2023 01:33:00:330
GR003244,ground,auto_reset_agent,1682991180,02/05/2023 01:33:00:330
GR003295,ground,goto_finished_off_sticker,1682993130,02/05/2023 02:05:00:50
GR003295,ground,corners_cv_started,1682993130,02/05/2023 02:05:00:50
GR003295,ground,goto_started_off_sticker,1682993160,02/05/2023 02:06:00:60
GR003294,ground,turn_timeout,1682993793,02/05/2023 02:16:00:160
GR003294,ground,auto_reset_agent,1682993793,02/05/2023 02:16:00:160
GR003294,ground,turn_timeout,1682994325,02/05/2023 02:25:00:250
GR003294,ground,auto_reset_agent,1682994327,02/05/2023 02:25:00:250
GR003165,ground,turn_timeout,1682994429,02/05/2023 02:27:00:270
GR003165,ground,auto_reset_agent,1682994431,02/05/2023 02:27:00:270
GR003165,ground,read_data_matrix_timeout,1682994506,02/05/2023 02:28:00:280
GR003295,ground,goto_finished_off_sticker,1682994920,02/05/2023 02:35:00:350
GR003295,ground,corners_cv_started,1682994920,02/05/2023 02:35:00:350
GR003295,ground,goto_started_off_sticker,1682995006,02/05/2023 02:36:00:360
GR003179,ground,conflicting_tote_switch,1683000428,02/05/2023 04:07:00:70
GR003179,ground,auto_reset_agent,1683000430,02/05/2023 04:07:00:70
GR003275,ground,turn_timeout,1683001033,02/05/2023 04:17:00:170
GR003275,ground,auto_reset_agent,1683001034,02/05/2023 04:17:00:170
GR003160,ground,conflicting_tote_switch,1683001159,02/05/2023 04:19:00:190
GR003160,ground,auto_reset_agent,1683001162,02/05/2023 04:19:00:190
GR003227,ground,robot_restarted,1683002710,02/05/2023 04:45:00:450
GR003227,ground,auto_reset_agent,1683002710,02/05/2023 04:45:00:450
LR00002114,lift,full_home_needed,1683003012,02/05/2023 04:50:00:500
GR003295,ground,goto_finished_off_sticker,1683005269,02/05/2023 05:27:00:270
GR003295,ground,corners_cv_started,1683005269,02/05/2023 05:27:00:270
GR003295,ground,corners_cv_succeeded,1683005269,02/05/2023 05:27:00:270
GR003266,ground,goto_finished_off_sticker,1683006049,02/05/2023 05:40:00:400
GR003266,ground,corners_cv_started,1683006049,02/05/2023 05:40:00:400
GR003266,ground,goto_started_off_sticker,1683006262,02/05/2023 05:44:00:440
GR003291,ground,goto_finished_off_sticker,1683006325,02/05/2023 05:45:00:450
GR003291,ground,corners_cv_started,1683006325,02/05/2023 05:45:00:450
GR003291,ground,corners_cv_succeeded,1683006325,02/05/2023 05:45:00:450
GR003263,ground,goto_finished_off_sticker,1683006639,02/05/2023 05:50:00:500
GR003263,ground,corners_cv_started,1683006639,02/05/2023 05:50:00:500
GR003263,ground,corners_cv_succeeded,1683006639,02/05/2023 05:50:00:500
GR003277,ground,missing_sticker,1683006756,02/05/2023 05:52:00:520
GR003229,ground,missing_sticker,1683006990,02/05/2023 05:56:00:560
GR003297,ground,missing_sticker,1683007016,02/05/2023 05:56:00:560
GR003192,ground,robot_off_track,1683007055,02/05/2023 05:57:00:570
GR003192,ground,auto_reset_agent,1683007055,02/05/2023 05:57:00:570
GR003192,ground,signup_no_sticker,1683007079,02/05/2023 05:57:00:570
GR003215,ground,missing_sticker,1683007247,02/05/2023 06:00:00:00
GR003215,ground,missing_sticker,1683007248,02/05/2023 06:00:00:00
GR003192,ground,signup_no_sticker,1683007260,02/05/2023 06:01:00:10
GR003215,ground,safety_entered,1683007261,02/05/2023 06:01:00:10
GR003215,ground,missing_stickers,1683007261,02/05/2023 06:01:00:10
GR003215,ground,read_data_matrix_timeout,1683007306,02/05/2023 06:01:00:10
GR003215,ground,robot_location_unknown,1683007315,02/05/2023 06:01:00:10
GR003215,ground,auto_reset_agent,1683007316,02/05/2023 06:01:00:10
GR003192,ground,reset_agent_by_user,1683007394,02/05/2023 06:03:00:30
GR003121,ground,reset_agent_by_user,1683008527,02/05/2023 06:22:00:220
GR003141,ground,reset_agent_by_user,1683008529,02/05/2023 06:22:00:220
GR003158,ground,reset_agent_by_user,1683008534,02/05/2023 06:22:00:220
GR003170,ground,reset_agent_by_user,1683008537,02/05/2023 06:22:00:220
GR003157,ground,reset_agent_by_user,1683008540,02/05/2023 06:22:00:220
GR003195,ground,reset_agent_by_user,1683008543,02/05/2023 06:22:00:220
GR003179,ground,auto_reset_agent,1683008657,02/05/2023 06:24:00:240
GR003160,ground,auto_reset_agent,1683008663,02/05/2023 06:24:00:240
GR003158,ground,reset_agent_by_user,1683008670,02/05/2023 06:24:00:240
GR003121,ground,reset_agent_by_user,1683008673,02/05/2023 06:24:00:240
GR003158,ground,auto_reset_agent,1683008704,02/05/2023 06:25:00:250
GR003245,ground,auto_reset_agent,1683008729,02/05/2023 06:25:00:250
GR003227,ground,turn_timeout,1683009008,02/05/2023 06:30:00:300
GR003227,ground,auto_reset_agent,1683009008,02/05/2023 06:30:00:300
GR003227,ground,validate_sticker_timeout,1683009049,02/05/2023 06:30:00:300
GR003280,ground,missing_sticker,1683009255,02/05/2023 06:34:00:340
GR003223,ground,missing_sticker,1683009906,02/05/2023 06:45:00:450
GR003227,ground,turn_timeout,1683010404,02/05/2023 06:53:00:530
GR003227,ground,auto_reset_agent,1683010404,02/05/2023 06:53:00:530
GR003223,ground,goto_finished_off_sticker,1683010487,02/05/2023 06:54:00:540
GR003223,ground,corners_cv_started,1683010488,02/05/2023 06:54:00:540
GR003223,ground,corners_cv_succeeded,1683010488,02/05/2023 06:54:00:540
GR003223,ground,corners_cv_irrelevant,1683010488,02/05/2023 06:54:00:540
GR003174,ground,robot_off_track,1683010663,02/05/2023 06:57:00:570
GR003174,ground,auto_reset_agent,1683010664,02/05/2023 06:57:00:570
GR003174,ground,robot_version_timeout,1683010715,02/05/2023 06:58:00:580
GR003174,ground,robot_version_timeout,1683010725,02/05/2023 06:58:00:580
GR003174,ground,robot_version_timeout,1683010735,02/05/2023 06:58:00:580
GR003174,ground,auto_reset_agent,1683010736,02/05/2023 06:58:00:580
GR003298,ground,missing_sticker,1683010792,02/05/2023 06:59:00:590
GR003174,ground,robot_restarted,1683010910,02/05/2023 07:01:00:10
GR003174,ground,auto_reset_agent,1683010910,02/05/2023 07:01:00:10
GR003174,ground,set_pose_timeout,1683010934,02/05/2023 07:02:00:20
GR003174,ground,offline,1683011169,02/05/2023 07:06:00:60
GR003282,ground,missing_sticker,1683011317,02/05/2023 07:08:00:80
GR003174,ground,safety_entered,1683011320,02/05/2023 07:08:00:80
GR003174,ground,robot_restarted,1683011321,02/05/2023 07:08:00:80
GR003174,ground,auto_reset_agent,1683011322,02/05/2023 07:08:00:80
GR003174,ground,reset_agent_by_user,1683011459,02/05/2023 07:10:00:100
GR003207,ground,missing_sticker,1683012491,02/05/2023 07:28:00:280
GR003162,ground,robot_off_track,1683012529,02/05/2023 07:28:00:280
GR003162,ground,auto_reset_agent,1683012529,02/05/2023 07:28:00:280
GR003162,ground,signup_no_sticker,1683012547,02/05/2023 07:29:00:290
GR003247,ground,goto_finished_off_sticker,1683012582,02/05/2023 07:29:00:290
GR003247,ground,corners_cv_started,1683012583,02/05/2023 07:29:00:290
GR003247,ground,corners_cv_succeeded,1683012583,02/05/2023 07:29:00:290
GR003247,ground,corners_cv_irrelevant,1683012583,02/05/2023 07:29:00:290
GR003266,ground,missing_sticker,1683012588,02/05/2023 07:29:00:290
GR003162,ground,signup_no_sticker,1683012748,02/05/2023 07:32:00:320
GR003162,ground,reset_agent_by_user,1683012754,02/05/2023 07:32:00:320
GR003162,ground,signup_no_sticker,1683012758,02/05/2023 07:32:00:320
GR003162,ground,safety_entered,1683012810,02/05/2023 07:33:00:330
GR003119,ground,missing_sticker,1683012914,02/05/2023 07:35:00:350
GR003270,ground,reset_agent_by_user,1683013563,02/05/2023 07:46:00:460
GR003264,ground,reset_agent_by_user,1683013570,02/05/2023 07:46:00:460
GR003251,ground,reset_agent_by_user,1683013573,02/05/2023 07:46:00:460
GR003153,ground,reset_agent_by_user,1683013575,02/05/2023 07:46:00:460
GR003227,ground,reset_agent_by_user,1683013582,02/05/2023 07:46:00:460
GR003298,ground,missing_sticker,1683013733,02/05/2023 07:48:00:480
GR003227,ground,ground_not_responding,1683014778,02/05/2023 08:06:00:60
GR003227,ground,robot_restarted,1683014781,02/05/2023 08:06:00:60
GR003227,ground,auto_reset_agent,1683014781,02/05/2023 08:06:00:60
GR003223,ground,missing_sticker,1683014926,02/05/2023 08:08:00:80
GR003287,ground,missing_sticker,1683015511,02/05/2023 08:18:00:180
GR003297,ground,goto_finished_off_sticker,1683015671,02/05/2023 08:21:00:210
GR003297,ground,corners_cv_started,1683015671,02/05/2023 08:21:00:210
GR003297,ground,goto_started_off_sticker,1683015674,02/05/2023 08:21:00:210
GR003212,ground,goto_finished_off_sticker,1683015707,02/05/2023 08:21:00:210
GR003212,ground,corners_cv_started,1683015707,02/05/2023 08:21:00:210
GR003212,ground,goto_started_off_sticker,1683015707,02/05/2023 08:21:00:210
GR003165,ground,periodic_goto_timeout,1683017847,02/05/2023 08:57:00:570
GR003165,ground,auto_reset_agent,1683017847,02/05/2023 08:57:00:570
GR003165,ground,read_data_matrix_timeout,1683017910,02/05/2023 08:58:00:580
LR00002267,lift,auto_reset_agent,1683018385,02/05/2023 09:06:00:60
LR00002113,lift,auto_reset_agent,1683018454,02/05/2023 09:07:00:70
GR003295,ground,missing_sticker,1683018643,02/05/2023 09:10:00:100
GR003202,ground,missing_sticker,1683018712,02/05/2023 09:11:00:110
GR003290,ground,missing_sticker,1683019212,02/05/2023 09:20:00:200
LR00002113,lift,auto_reset_agent,1683019393,02/05/2023 09:23:00:230
GR003227,ground,turn_timeout,1683019944,02/05/2023 09:32:00:320
GR003227,ground,auto_reset_agent,1683019946,02/05/2023 09:32:00:320
GR003188,ground,safety_entered,1683019989,02/05/2023 09:33:00:330
GR003188,ground,robot_restarted,1683019989,02/05/2023 09:33:00:330
GR003188,ground,auto_reset_agent,1683019989,02/05/2023 09:33:00:330
GR003188,ground,auto_reset_agent,1683020032,02/05/2023 09:33:00:330
GR003275,ground,turn_timeout,1683020134,02/05/2023 09:35:00:350
GR003275,ground,auto_reset_agent,1683020134,02/05/2023 09:35:00:350
GR003298,ground,missing_sticker,1683020178,02/05/2023 09:36:00:360
LR00002120,lift,auto_reset_agent,1683020214,02/05/2023 09:36:00:360
GR003215,ground,goto_finished_off_sticker,1683021025,02/05/2023 09:50:00:500
GR003215,ground,corners_cv_started,1683021026,02/05/2023 09:50:00:500
LR00002112,lift,tote_slipped_on_conveyors_while_unloading_to_su_seen_by_outer_sensor,1683021374,02/05/2023 09:56:00:560
LR00002112,lift,auto_reset_agent,1683021710,02/05/2023 10:01:00:10
LR00002282,lift,auto_reset_agent,1683021836,02/05/2023 10:03:00:30
GR003297,ground,goto_finished_off_sticker,1683023607,02/05/2023 10:33:00:330
GR003248,ground,missing_sticker,1683023851,02/05/2023 10:37:00:370
LR00002113,lift,auto_reset_agent,1683024118,02/05/2023 10:41:00:410
LR00002113,lift,auto_reset_agent,1683024441,02/05/2023 10:47:00:470
LR00002113,lift,auto_reset_agent,1683025072,02/05/2023 10:57:00:570
LR00002113,lift,auto_reset_agent,1683025401,02/05/2023 11:03:00:30
GR003264,ground,missing_sticker,1683025473,02/05/2023 11:04:00:40
LR00002113,lift,auto_reset_agent,1683025939,02/05/2023 11:12:00:120
LR00002113,lift,auto_reset_agent,1683026263,02/05/2023 11:17:00:170
LR00002113,lift,auto_reset_agent,1683027107,02/05/2023 11:31:00:310
LR00002113,lift,auto_reset_agent,1683027428,02/05/2023 11:37:00:370
LR00002288,lift,reset_agent_by_user,1683027493,02/05/2023 11:38:00:380
GR003203,ground,safety_entered,1683027923,02/05/2023 11:45:00:450
GR003203,ground,robot_restarted,1683027924,02/05/2023 11:45:00:450
GR003203,ground,auto_reset_agent,1683027924,02/05/2023 11:45:00:450
GR003203,ground,signup_no_sticker,1683027946,02/05/2023 11:45:00:450
GR003203,ground,ground_not_responding,1683028016,02/05/2023 11:46:00:460
GR003203,ground,read_data_matrix_timeout,1683028036,02/05/2023 11:47:00:470
GR003203,ground,reset_agent_by_user,1683028092,02/05/2023 11:48:00:480
GR003202,ground,missing_sticker,1683028567,02/05/2023 11:56:00:560
GR003080,ground,missing_sticker,1683028688,02/05/2023 11:58:00:580
GR003076,ground,missing_sticker,1683028798,02/05/2023 11:59:00:590
